latex2e-_textasciicircum	\textasciicircum
latex2e-_textless	\textless
latex2e-_textasciitilde	\textasciitilde
latex2e-_textordfeminine	\textordfeminine
latex2e-_textasteriskcentered	\textasteriskcentered
latex2e-_textordmasculine	\textordmasculine
latex2e-_textbackslash	\textbackslash
latex2e-_textparagraph	\textparagraph
latex2e-_textbar	\textbar
latex2e-_textperiodcentered	\textperiodcentered
latex2e-_textbraceleft	\textbraceleft
latex2e-_textquestiondown	\textquestiondown
latex2e-_textbraceright	\textbraceright
latex2e-_textquotedblleft	\textquotedblleft
latex2e-_textbullet	\textbullet
latex2e-_textquotedblright	\textquotedblright
latex2e-_textcopyright	\textcopyright
latex2e-_textquoteleft	\textquoteleft
latex2e-_textdagger	\textdagger
latex2e-_textquoteright	\textquoteright
latex2e-_textdaggerdbl	\textdaggerdbl
latex2e-_textregistered	\textregistered
latex2e-_textdollar	\textdollar
latex2e-_textsection	\textsection
latex2e-_textellipsis	\textellipsis
latex2e-_textsterling	\textsterling
latex2e-_textemdash	\textemdash
latex2e-_texttrademark	\texttrademark
latex2e-_textendash	\textendash
latex2e-_textunderscore	\textunderscore
latex2e-_textexclamdown	\textexclamdown
latex2e-_textvisiblespace	\textvisiblespace
latex2e-_textgreater	\textgreater
latex2e-!`	!`
latex2e-_$	\$
latex2e-__	\_
latex2e-_ddag	\ddag
latex2e-_{	\{
latex2e-_P	\P
latex2e-_copyright	\copyright
latex2e-_dots	\dots
latex2e-_}	\}
latex2e-_S	\S
latex2e-_dag	\dag
latex2e-_pounds	\pounds
latex2e-_&	\&
latex2e-_#	\#
latex2e-_%	\%
latex2e-*	*
latex2e-+	+
latex2e-_--	\--
latex2e-_---	\---
latex2e-_----	\----
amssymb-_checkmark	\checkmark
amssymb-_circledR	\circledR
amssymb-_maltese	\maltese
latex2e-_aa	\aa
latex2e-_L	\L
latex2e-_o	\o
latex2e-_ss	\ss
latex2e-_AA	\AA
latex2e-_l	\l
latex2e-_O	\O
latex2e-_SS	\SS
latex2e-_AE	\AE
latex2e-_OE	\OE
latex2e-_ae	\ae
latex2e-_oe	\oe
latex2e-_DH	\DH
latex2e-_dh	\dh
latex2e-_DJ	\DJ
latex2e-_dj	\dj
latex2e-_NG	\NG
latex2e-_ng	\ng
latex2e-_TH	\TH
latex2e-_th	\th
latex2e-_guillemotleft	\guillemotleft
latex2e-_guilsinglleft	\guilsinglleft
latex2e-_quotedblbase	\quotedblbase
latex2e-_textquotedbl	\textquotedbl
latex2e-_guillemotright	\guillemotright
latex2e-_guilsinglright	\guilsinglright
latex2e-_quotesinglbase	\quotesinglbase
tipa-_textbabygamma	\textbabygamma
tipa-_textglotstop	\textglotstop
tipa-_textrtailn	\textrtailn
tipa-_textbarb	\textbarb
tipa-_texthalflength	\texthalflength
tipa-_textrtailr	\textrtailr
tipa-_textbarc	\textbarc
tipa-_texthardsign	\texthardsign
tipa-_textrtails	\textrtails
tipa-_textbard	\textbard
tipa-_texthooktop	\texthooktop
tipa-_textrtailt	\textrtailt
tipa-_textbardotlessj	\textbardotlessj
tipa-_texthtb	\texthtb
tipa-_textrtailz	\textrtailz
tipa-_textbarg	\textbarg
tipa-_texthtbardotlessj	\texthtbardotlessj
tipa-_textrthook	\textrthook
tipa-_textbarglotstop	\textbarglotstop
tipa-_texthtc	\texthtc
tipa-_textsca	\textsca
tipa-_textbari	\textbari
tipa-_texthtd	\texthtd
tipa-_textscb	\textscb
tipa-_textbarl	\textbarl
tipa-_texthtg	\texthtg
tipa-_textsce	\textsce
tipa-_textbaro	\textbaro
tipa-_texthth	\texthth
tipa-_textscg	\textscg
tipa-_textbarrevglotstop	\textbarrevglotstop
tipa-_texththeng	\texththeng
tipa-_textsch	\textsch
tipa-_textbaru	\textbaru
tipa-_texthtk	\texthtk
tipa-_textschwa	\textschwa
tipa-_textbeltl	\textbeltl
tipa-_texthtp	\texthtp
tipa-_textsci	\textsci
tipa-_textbeta	\textbeta
tipa-_texthtq	\texthtq
tipa-_textscj	\textscj
tipa-_textbullseye	\textbullseye
tipa-_texthtrtaild	\texthtrtaild
tipa-_textscl	\textscl
tipa-_textceltpal	\textceltpal
tipa-_texthtscg	\texthtscg
tipa-_textscn	\textscn
tipa-_textchi	\textchi
tipa-_texthtt	\texthtt
tipa-_textscoelig	\textscoelig
tipa-_textcloseepsilon	\textcloseepsilon
tipa-_texthvlig	\texthvlig
tipa-_textscomega	\textscomega
tipa-_textcloseomega	\textcloseomega
tipa-_textinvglotstop	\textinvglotstop
tipa-_textscr	\textscr
tipa-_textcloserevepsilon	\textcloserevepsilon
tipa-_textinvscr	\textinvscr
tipa-_textscripta	\textscripta
tipa-_textcommatailz	\textcommatailz
tipa-_textiota	\textiota
tipa-_textscriptg	\textscriptg
tipa-_textcorner	\textcorner
tipa-_textlambda	\textlambda
tipa-_textscriptv	\textscriptv
tipa-_textcrb	\textcrb
tipa-_textlengthmark	\textlengthmark
tipa-_textscu	\textscu
tipa-_textcrd	\textcrd
tipa-_textlhookt	\textlhookt
tipa-_textscy	\textscy
tipa-_textcrg	\textcrg
tipa-_textlhtlongi	\textlhtlongi
tipa-_textsecstress	\textsecstress
tipa-_textcrh	\textcrh
tipa-_textlhtlongy	\textlhtlongy
tipa-_textsoftsign	\textsoftsign
tipa-_textcrinvglotstop	\textcrinvglotstop
tipa-_textlonglegr	\textlonglegr
tipa-_textstretchc	\textstretchc
tipa-_textcrlambda	\textcrlambda
tipa-_textlptr	\textlptr
tipa-_texttctclig	\texttctclig
tipa-_textcrtwo	\textcrtwo
tipa-_textltailm	\textltailm
tipa-_textteshlig	\textteshlig
tipa-_textctc	\textctc
tipa-_textltailn	\textltailn
tipa-_texttheta	\texttheta
tipa-_textctd	\textctd
tipa-_textltilde	\textltilde
tipa-_textthorn	\textthorn
tipa-_textctdctzlig	\textctdctzlig
tipa-_textlyoghlig	\textlyoghlig
tipa-_texttoneletterstem	\texttoneletterstem
tipa-_textctesh	\textctesh
tipa-_textObardotlessj	\textObardotlessj
tipa-_texttslig	\texttslig
tipa-_textctj	\textctj
tipa-_textOlyoghlig	\textOlyoghlig
tipa-_textturna	\textturna
tipa-_textctn	\textctn
tipa-_textomega	\textomega
tipa-_textturncelig	\textturncelig
tipa-_textctt	\textctt
tipa-_textopencorner	\textopencorner
tipa-_textturnh	\textturnh
tipa-_textcttctclig	\textcttctclig
tipa-_textopeno	\textopeno
tipa-_textturnk	\textturnk
tipa-_textctyogh	\textctyogh
tipa-_textpalhook	\textpalhook
tipa-_textturnlonglegr	\textturnlonglegr
tipa-_textctz	\textctz
tipa-_textphi	\textphi
tipa-_textturnm	\textturnm
tipa-_textdctzlig	\textdctzlig
tipa-_textpipe	\textpipe
tipa-_textturnmrleg	\textturnmrleg
tipa-_textdoublebaresh	\textdoublebaresh
tipa-_textprimstress	\textprimstress
tipa-_textturnr	\textturnr
tipa-_textdoublebarpipe	\textdoublebarpipe
tipa-_textraiseglotstop	\textraiseglotstop
tipa-_textturnrrtail	\textturnrrtail
tipa-_textdoublebarslash	\textdoublebarslash
tipa-_textraisevibyi	\textraisevibyi
tipa-_textturnscripta	\textturnscripta
tipa-_textdoublepipe	\textdoublepipe
tipa-_textramshorns	\textramshorns
tipa-_textturnt	\textturnt
tipa-_textdoublevertline	\textdoublevertline
tipa-_textrevapostrophe	\textrevapostrophe
tipa-_textturnv	\textturnv
tipa-_textdownstep	\textdownstep
tipa-_textreve	\textreve
tipa-_textturnw	\textturnw
tipa-_textdyoghlig	\textdyoghlig
tipa-_textrevepsilon	\textrevepsilon
tipa-_textturny	\textturny
tipa-_textdzlig	\textdzlig
tipa-_textrevglotstop	\textrevglotstop
tipa-_textupsilon	\textupsilon
tipa-_textepsilon	\textepsilon
tipa-_textrevyogh	\textrevyogh
tipa-_textupstep	\textupstep
tipa-_textesh	\textesh
tipa-_textrhookrevepsilon	\textrhookrevepsilon
tipa-_textvertline	\textvertline
tipa-_textfishhookr	\textfishhookr
tipa-_textrhookschwa	\textrhookschwa
tipa-_textvibyi	\textvibyi
tipa-_textg	\textg
tipa-_textrhoticity	\textrhoticity
tipa-_textvibyy	\textvibyy
tipa-_textgamma	\textgamma
tipa-_textrptr	\textrptr
tipa-_textwynn	\textwynn
tipa-_textglobfall	\textglobfall
tipa-_textrtaild	\textrtaild
tipa-_textyogh	\textyogh
tipa-_textglobrise	\textglobrise
tipa-_textrtaill	\textrtaill
textcomp-_textbaht	\textbaht
textcomp-_textdollar	\textdollar
textcomp-_textguarani	\textguarani
textcomp-_textwon	\textwon
textcomp-_textcent	\textcent
textcomp-_textdollaroldstyle	\textdollaroldstyle
textcomp-_textlira	\textlira
textcomp-_textyen	\textyen
textcomp-_textcentoldstyle	\textcentoldstyle
textcomp-_textdong	\textdong
textcomp-_textnaira	\textnaira
textcomp-_textcolonmonetary	\textcolonmonetary
textcomp-_texteuro	\texteuro
textcomp-_textpeso	\textpeso
textcomp-_textcurrency	\textcurrency
textcomp-_textflorin	\textflorin
textcomp-_textsterling	\textsterling
marvosym-_Denarius	\Denarius
marvosym-_EUR	\EUR
marvosym-_EURdig	\EURdig
marvosym-_EURtm	\EURtm
marvosym-_Pfund	\Pfund
marvosym-_Ecommerce	\Ecommerce
marvosym-_EURcr	\EURcr
marvosym-_EURhv	\EURhv
marvosym-_EyesDollar	\EyesDollar
marvosym-_Shilling	\Shilling
wasysym-_cent	\cent
wasysym-_currency	\currency
textcomp-_textcircledP	\textcircledP
textcomp-_textcopyright	\textcopyright
textcomp-_textservicemark	\textservicemark
textcomp-_textcopyleft	\textcopyleft
textcomp-_textregistered	\textregistered
textcomp-_texttrademark	\texttrademark
textcomp-_textasteriskcentered	\textasteriskcentered
textcomp-_textordfeminine	\textordfeminine
textcomp-_textbardbl	\textbardbl
textcomp-_textordmasculine	\textordmasculine
textcomp-_textbigcircle	\textbigcircle
textcomp-_textparagraph	\textparagraph
textcomp-_textblank	\textblank
textcomp-_textperiodcentered	\textperiodcentered
textcomp-_textbrokenbar	\textbrokenbar
textcomp-_textpertenthousand	\textpertenthousand
textcomp-_textbullet	\textbullet
textcomp-_textperthousand	\textperthousand
textcomp-_textdagger	\textdagger
textcomp-_textpilcrow	\textpilcrow
textcomp-_textdaggerdbl	\textdaggerdbl
textcomp-_textquotesingle	\textquotesingle
textcomp-_textdblhyphen	\textdblhyphen
textcomp-_textquotestraightbase	\textquotestraightbase
textcomp-_textdblhyphenchar	\textdblhyphenchar
textcomp-_textquotestraightdblbase	\textquotestraightdblbase
textcomp-_textdiscount	\textdiscount
textcomp-_textrecipe	\textrecipe
textcomp-_textestimated	\textestimated
textcomp-_textreferencemark	\textreferencemark
textcomp-_textinterrobang	\textinterrobang
textcomp-_textsection	\textsection
textcomp-_textinterrobangdown	\textinterrobangdown
textcomp-_textthreequartersemdash	\textthreequartersemdash
textcomp-_textmusicalnote	\textmusicalnote
textcomp-_texttildelow	\texttildelow
textcomp-_textnumero	\textnumero
textcomp-_texttwelveudash	\texttwelveudash
textcomp-_textopenbullet	\textopenbullet
wasysym-_permil	\permil
latex2e-_mathdollar	\mathdollar
latex2e-_mathparagraph	\mathparagraph
latex2e-_mathsterling	\mathsterling
latex2e-_mathellipsis	\mathellipsis
latex2e-_mathsection	\mathsection
latex2e-_mathunderscore	\mathunderscore
latex2e-_amalg	\amalg
latex2e-_cup	\cup
latex2e-_oplus	\oplus
latex2e-_times	\times
latex2e-_ast	\ast
latex2e-_dot*	\dot*
latex2e-_dagger	\dagger
latex2e-_oslash	\oslash
latex2e-_triangleleft	\triangleleft
latex2e-_bigcirc	\bigcirc
latex2e-_ddagger	\ddagger
latex2e-_otimes	\otimes
latex2e-_triangleright	\triangleright
latex2e-_bigtriangledown	\bigtriangledown
latex2e-_diamond	\diamond
latex2e-_pm	\pm
latex2e-_bigtriangleup	\bigtriangleup
latex2e-_div	\div
latex2e-_bullet	\bullet
latex2e-_setminus	\setminus
latex2e-_uplus	\uplus
latex2e-_cap	\cap
latex2e-_mp	\mp
latex2e-_sqcap	\sqcap
latex2e-_vee	\vee
latex2e-_cdot	\cdot
latex2e-_odot	\odot
latex2e-_sqcup	\sqcup
latex2e-_wedge	\wedge
latex2e-_circ	\circ
latex2e-_ominus	\ominus
latex2e-_star	\star
latex2e-_wr	\wr
amssymb-_barwedge	\barwedge
amssymb-_circledcirc	\circledcirc
amssymb-_intercal	\intercal
amssymb-_boxdot	\boxdot
amssymb-_circleddash	\circleddash
amssymb-_leftthreetimes	\leftthreetimes
amssymb-_boxminus	\boxminus
amssymb-_Cup	\Cup
amssymb-_ltimes	\ltimes
amssymb-_boxplus	\boxplus
amssymb-_curlyvee	\curlyvee
amssymb-_rightthreetimes	\rightthreetimes
amssymb-_boxtimes	\boxtimes
amssymb-_curlywedge	\curlywedge
amssymb-_rtimes	\rtimes
amssymb-_Cap	\Cap
amssymb-_divideontimes	\divideontimes
amssymb-_smallsetminus	\smallsetminus
amssymb-_centerdot	\centerdot
amssymb-_dotplus	\dotplus
amssymb-_veebar	\veebar
amssymb-_circledast	\circledast
amssymb-_doublebarwedge	\doublebarwedge
wasysym-_lhd	\lhd
wasysym-_ocircle	\ocircle
wasysym-_RHD	\RHD
wasysym-_unrhd	\unrhd
wasysym-_LHD	\LHD
wasysym-_rhd	\rhd
wasysym-_unlhd	\unlhd
wasysym-_Join	\Join
latex2e-_bigcap	\bigcap
latex2e-_bigotimes	\bigotimes
latex2e-_bigwedge	\bigwedge
latex2e-_prod	\prod
latex2e-_bigcup	\bigcup
latex2e-_bigsqcup	\bigsqcup
latex2e-_coprod	\coprod
latex2e-_sum	\sum
latex2e-_bigodot	\bigodot
latex2e-_biguplus	\biguplus
latex2e-_int	\int
latex2e-_bigoplus	\bigoplus
latex2e-_bigvee	\bigvee
latex2e-_oint	\oint
cmll-_parr	\parr
cmll-_with	\with
amsmath-_iint	\iint
amsmath-_iiint	\iiint
amsmath-_iiiint	\iiiint
amsmath-_idotsint	\idotsint
esint-_dotsint	\dotsint
esint-_ointclockwise	\ointclockwise
esint-_fint	\fint
esint-_ointctrclockwise	\ointctrclockwise
esint-_iiiint	\iiiint
esint-_sqiint	\sqiint
esint-_iiint	\iiint
esint-_sqint	\sqint
esint-_iint	\iint
esint-_varoiint	\varoiint
esint-_landdownint	\landdownint
esint-_varointclockwise	\varointclockwise
esint-_landupint	\landupint
esint-_varointctrclockwise	\varointctrclockwise
esint-_oiint	\oiint
latex2e-_approx	\approx
latex2e-_not_approx	\not\approx
latex2e-_equiv	\equiv
latex2e-_not_equiv	\not\equiv
latex2e-_perp	\perp
latex2e-_smile	\smile
latex2e-_asymp	\asymp
latex2e-_frown	\frown
latex2e-_prec	\prec
latex2e-_succ	\succ
latex2e-_bowtie	\bowtie
latex2e-_preceq	\preceq
latex2e-_succeq	\succeq
latex2e-_cong	\cong
latex2e-_hat=	\hat=
latex2e-_widehat=	\widehat=
latex2e-_mid	\mid
latex2e-_vert	\vert
latex2e-_Vert	\Vert
latex2e-_propto	\propto
latex2e-_vdash	\vdash
latex2e-_dashv	\dashv
latex2e-_models	\models
latex2e-_sim	\sim
latex2e-_not_sim	\not\sim
latex2e-_doteq	\doteq
latex2e-_parallel	\parallel
latex2e-_simeq	\simeq
latex2e-_not_simeq	\not\simeq
latex2e-_land	\land
latex2e-_lor	\lor
latex2e-_lnot	\lnot
amssymb-_approxeq	\approxeq
amssymb-_eqcirc	\eqcirc
amssymb-_succapprox	\succapprox
amssymb-_backepsilon	\backepsilon
amssymb-_fallingdotseq	\fallingdotseq
amssymb-_succcurlyeq	\succcurlyeq
amssymb-_backsim	\backsim
amssymb-_multimap	\multimap
amssymb-_succsim	\succsim
amssymb-_backsimeq	\backsimeq
amssymb-_pitchfork	\pitchfork
amssymb-_therefore	\therefore
amssymb-_because	\because
amssymb-_precapprox	\precapprox
amssymb-_thickapprox	\thickapprox
amssymb-_between	\between
amssymb-_preccurlyeq	\preccurlyeq
amssymb-_thicksim	\thicksim
amssymb-_Bumpeq	\Bumpeq
amssymb-_precsim	\precsim
amssymb-_varpropto	\varpropto
amssymb-_bumpeq	\bumpeq
amssymb-_risingdotseq	\risingdotseq
amssymb-_Vdash	\Vdash
amssymb-_circeq	\circeq
amssymb-_shortmid	\shortmid
amssymb-_vDash	\vDash
amssymb-_curlyeqprec	\curlyeqprec
amssymb-_shortparallel	\shortparallel
amssymb-_Vvdash	\Vvdash
amssymb-_curlyeqsucc	\curlyeqsucc
amssymb-_smallfrown	\smallfrown
amssymb-_doteqdot	\doteqdot
amssymb-_smallsmile	\smallsmile
amssymb-_ncong	\ncong
amssymb-_nshortparallel	\nshortparallel
amssymb-_nVDash	\nVDash
amssymb-_nmid	\nmid
amssymb-_nsim	\nsim
amssymb-_precnapprox	\precnapprox
amssymb-_nparallel	\nparallel
amssymb-_nsucc	\nsucc
amssymb-_precnsim	\precnsim
amssymb-_nprec	\nprec
amssymb-_nsucceq	\nsucceq
amssymb-_succnapprox	\succnapprox
amssymb-_npreceq	\npreceq
amssymb-_nvDash	\nvDash
amssymb-_succnsim	\succnsim
amssymb-_nshortmid	\nshortmid
amssymb-_nvdash	\nvdash
stmaryrd-_inplus	\inplus
stmaryrd-_niplus	\niplus
latex2e-_sqsupseteq	\sqsupseteq
latex2e-_supset	\supset
latex2e-_sqsubseteq	\sqsubseteq
latex2e-_subset	\subset
latex2e-_supseteq	\supseteq
latex2e-_subseteq	\subseteq
latex2e-_not_sqsupseteq	\not\sqsupseteq
latex2e-_not_supset	\not\supset
latex2e-_not_sqsubseteq	\not\sqsubseteq
latex2e-_not_subset	\not\subset
latex2e-_not_supseteq	\not\supseteq
latex2e-_not_subseteq	\not\subseteq
amssymb-_nsubseteq	\nsubseteq
amssymb-_nsubseteqq	\nsubseteqq
amssymb-_subseteqq	\subseteqq
amssymb-_supsetneqq	\supsetneqq
amssymb-_nsupseteq	\nsupseteq
amssymb-_subsetneq	\subsetneq
amssymb-_varsubsetneq	\varsubsetneq
amssymb-_nsupseteqq	\nsupseteqq
amssymb-_subsetneqq	\subsetneqq
amssymb-_varsubsetneqq	\varsubsetneqq
amssymb-_sqsubset	\sqsubset
amssymb-_Supset	\Supset
amssymb-_varsupsetneq	\varsupsetneq
amssymb-_sqsupset	\sqsupset
amssymb-_supseteqq	\supseteqq
amssymb-_varsupsetneqq	\varsupsetneqq
amssymb-_Subset	\Subset
amssymb-_supsetneq	\supsetneq
amssymb-_geq	\geq
amssymb-_gg	\gg
amssymb-_leq	\leq
amssymb-_ll	\ll
amssymb-_neq	\neq
amssymb-_eqslantgtr	\eqslantgtr
amssymb-_gtrdot	\gtrdot
amssymb-_lesseqgtr	\lesseqgtr
amssymb-_ngeq	\ngeq
amssymb-_eqslantless	\eqslantless
amssymb-_gtreqless	\gtreqless
amssymb-_lesseqqgtr	\lesseqqgtr
amssymb-_ngeqq	\ngeqq
amssymb-_geqq	\geqq
amssymb-_gtreqqless	\gtreqqless
amssymb-_lessgtr	\lessgtr
amssymb-_ngeqslant	\ngeqslant
amssymb-_geqslant	\geqslant
amssymb-_gtrless	\gtrless
amssymb-_lesssim	\lesssim
amssymb-_ngtr	\ngtr
amssymb-_ggg	\ggg
amssymb-_gtrsim	\gtrsim
amssymb-_lll	\lll
amssymb-_nleq	\nleq
amssymb-_gnapprox	\gnapprox
amssymb-_gvertneqq	\gvertneqq
amssymb-_lnapprox	\lnapprox
amssymb-_nleqq	\nleqq
amssymb-_gneq	\gneq
amssymb-_leqq	\leqq
amssymb-_lneq	\lneq
amssymb-_nleqslant	\nleqslant
amssymb-_gneqq	\gneqq
amssymb-_leqslant	\leqslant
amssymb-_lneqq	\lneqq
amssymb-_nless	\nless
amssymb-_gnsim	\gnsim
amssymb-_lessapprox	\lessapprox
amssymb-_lnsim	\lnsim
amssymb-_gtrapprox	\gtrapprox
amssymb-_lessdot	\lessdot
amssymb-_lvertneqq	\lvertneqq
amssymb-_blacktriangleleft	\blacktriangleleft
amssymb-_ntrianglelefteq	\ntrianglelefteq
amssymb-_trianglelefteq	\trianglelefteq
amssymb-_vartriangleleft	\vartriangleleft
amssymb-_blacktriangleright	\blacktriangleright
amssymb-_ntriangleright	\ntriangleright
amssymb-_triangleq	\triangleq
amssymb-_vartriangleright	\vartriangleright
amssymb-_ntriangleleft	\ntriangleleft
amssymb-_ntrianglerighteq	\ntrianglerighteq
amssymb-_trianglerighteq	\trianglerighteq
latex2e-_Downarrow	\Downarrow
latex2e-_longleftarrow	\longleftarrow
latex2e-_nwarrow	\nwarrow
latex2e-_downarrow	\downarrow
latex2e-_Longleftarrow	\Longleftarrow
latex2e-_Rightarrow	\Rightarrow
latex2e-_hookleftarrow	\hookleftarrow
latex2e-_longleftrightarrow	\longleftrightarrow
latex2e-_rightarrow	\rightarrow
latex2e-_hookrightarrow	\hookrightarrow
latex2e-_Longleftrightarrow	\Longleftrightarrow
latex2e-_searrow	\searrow
latex2e-_longmapsto	\longmapsto
latex2e-_swarrow	\swarrow
latex2e-_leftarrow	\leftarrow
latex2e-_Longrightarrow	\Longrightarrow
latex2e-_uparrow	\uparrow
latex2e-_Leftarrow	\Leftarrow
latex2e-_longrightarrow	\longrightarrow
latex2e-_Uparrow	\Uparrow
latex2e-_Leftrightarrow	\Leftrightarrow
latex2e-_mapsto	\mapsto
latex2e-_updownarrow	\updownarrow
latex2e-_leftrightarrow	\leftrightarrow
latex2e-_nearrow	\nearrow
latex2e-_Updownarrow	\Updownarrow
latex2e-_leftharpoondown	\leftharpoondown
latex2e-_rightharpoondown	\rightharpoondown
latex2e-_rightleftharpoons	\rightleftharpoons
latex2e-_leftharpoonup	\leftharpoonup
latex2e-_rightharpoonup	\rightharpoonup
latexsym-_leadsto	\leadsto
textcomp-_textdownarrow	\textdownarrow
textcomp-_textrightarrow	\textrightarrow
textcomp-_textleftarrow	\textleftarrow
textcomp-_textuparrow	\textuparrow
amssymb-_circlearrowleft	\circlearrowleft
amssymb-_leftleftarrows	\leftleftarrows
amssymb-_rightleftarrows	\rightleftarrows
amssymb-_circlearrowright	\circlearrowright
amssymb-_leftrightarrows	\leftrightarrows
amssymb-_rightrightarrows	\rightrightarrows
amssymb-_curvearrowleft	\curvearrowleft
amssymb-_leftrightsquigarrow	\leftrightsquigarrow
amssymb-_rightsquigarrow	\rightsquigarrow
amssymb-_curvearrowright	\curvearrowright
amssymb-_Lleftarrow	\Lleftarrow
amssymb-_Rrightarrow	\Rrightarrow
amssymb-_Rsh	\Rsh
amssymb-_dashleftarrow	\dashleftarrow
amssymb-_looparrowleft	\looparrowleft
amssymb-_twoheadleftarrow	\twoheadleftarrow
amssymb-_dashrightarrow	\dashrightarrow
amssymb-_looparrowright	\looparrowright
amssymb-_twoheadrightarrow	\twoheadrightarrow
amssymb-_downdownarrows	\downdownarrows
amssymb-_Lsh	\Lsh
amssymb-_upuparrows	\upuparrows
amssymb-_leftarrowtail	\leftarrowtail
amssymb-_rightarrowtail	\rightarrowtail
amssymb-_llcorner	\llcorner
amssymb-_lrcorner	\lrcorner
amssymb-_ulcorner	\ulcorner
amssymb-_urcorner	\urcorner
amssymb-_nLeftarrow	\nLeftarrow
amssymb-_nLeftrightarrow	\nLeftrightarrow
amssymb-_nRightarrow	\nRightarrow
amssymb-_nleftarrow	\nleftarrow
amssymb-_nleftrightarrow	\nleftrightarrow
amssymb-_nrightarrow	\nrightarrow
amssymb-_downharpoonleft	\downharpoonleft
amssymb-_leftrightharpoons	\leftrightharpoons
amssymb-_upharpoonleft	\upharpoonleft
amssymb-_downharpoonright	\downharpoonright
amssymb-_rightleftharpoons	\rightleftharpoons
amssymb-_upharpoonright	\upharpoonright
stmaryrd-_leftarrowtriangle	\leftarrowtriangle
stmaryrd-_Mapsfrom	\Mapsfrom
stmaryrd-_shortleftarrow	\shortleftarrow
stmaryrd-_leftrightarroweq	\leftrightarroweq
stmaryrd-_mapsfrom	\mapsfrom
stmaryrd-_shortrightarrow	\shortrightarrow
stmaryrd-_leftrightarrowtriangle	\leftrightarrowtriangle
stmaryrd-_Mapsto	\Mapsto
stmaryrd-_shortuparrow	\shortuparrow
stmaryrd-_lightning	\lightning
stmaryrd-_nnearrow	\nnearrow
stmaryrd-_ssearrow	\ssearrow
stmaryrd-_Longmapsfrom	\Longmapsfrom
stmaryrd-_nnwarrow	\nnwarrow
stmaryrd-_sswarrow	\sswarrow
stmaryrd-_longmapsfrom	\longmapsfrom
stmaryrd-_rightarrowtriangle	\rightarrowtriangle
stmaryrd-_Longmapsto	\Longmapsto
stmaryrd-_shortdownarrow	\shortdownarrow
latex2e-_alpha	\alpha
latex2e-_theta	\theta
latex2e-_tau	\tau
latex2e-_beta	\beta
latex2e-_vartheta	\vartheta
latex2e-_pi	\pi
latex2e-_upsilon	\upsilon
latex2e-_gamma	\gamma
latex2e-_iota	\iota
latex2e-_varpi	\varpi
latex2e-_phi	\phi
latex2e-_delta	\delta
latex2e-_kappa	\kappa
latex2e-_rho	\rho
latex2e-_varphi	\varphi
latex2e-_epsilon	\epsilon
latex2e-_lambda	\lambda
latex2e-_varrho	\varrho
latex2e-_chi	\chi
latex2e-_varepsilon	\varepsilon
latex2e-_mu	\mu
latex2e-_sigma	\sigma
latex2e-_psi	\psi
latex2e-_zeta	\zeta
latex2e-_nu	\nu
latex2e-_varsigma	\varsigma
latex2e-_omega	\omega
latex2e-_eta	\eta
latex2e-_xi	\xi
latex2e-_Gamma	\Gamma
latex2e-_Lambda	\Lambda
latex2e-_Sigma	\Sigma
latex2e-_Psi	\Psi
latex2e-_Delta	\Delta
latex2e-_Xi	\Xi
latex2e-_Upsilon	\Upsilon
latex2e-_Omega	\Omega
latex2e-_Theta	\Theta
latex2e-_Pi	\Pi
latex2e-_Phi	\Phi
amssymb-_digamma	\digamma
amssymb-_varkappa	\varkappa
upgreek-_upphi	\upphi
upgreek-_upvarphi	\upvarphi
upgreek-_upchi	\upchi
upgreek-_uppsi	\uppsi
upgreek-_upomega	\upomega
upgreek-_Uppsi	\Uppsi
upgreek-_Upomega	\Upomega
upgreek-_upalpha	\upalpha
upgreek-_upbeta	\upbeta
upgreek-_upgamma	\upgamma
upgreek-_updelta	\updelta
upgreek-_upepsilon	\upepsilon
upgreek-_upvarepsilon	\upvarepsilon
upgreek-_upzeta	\upzeta
upgreek-_upeta	\upeta
upgreek-_Upgamma	\Upgamma
upgreek-_Updelta	\Updelta
upgreek-_Uptheta	\Uptheta
upgreek-_uptheta	\uptheta
upgreek-_upvartheta	\upvartheta
upgreek-_upiota	\upiota
upgreek-_upkappa	\upkappa
upgreek-_uplambda	\uplambda
upgreek-_upmu	\upmu
upgreek-_upnu	\upnu
upgreek-_upxi	\upxi
upgreek-_Uplambda	\Uplambda
upgreek-_Upxi	\Upxi
upgreek-_Uppi	\Uppi
upgreek-_uppi	\uppi
upgreek-_upvarpi	\upvarpi
upgreek-_uprho	\uprho
upgreek-_upvarrho	\upvarrho
upgreek-_upsigma	\upsigma
upgreek-_upvarsigma	\upvarsigma
upgreek-_uptau	\uptau
upgreek-_upupsilon	\upupsilon
upgreek-_Upsigma	\Upsigma
upgreek-_Upupsilon	\Upupsilon
upgreek-_Upphi	\Upphi
latex2e-_bot	\bot
latex2e-_forall	\forall
latex2e-_imath	\imath
latex2e-_ni	\ni
latex2e-_top	\top
latex2e-_ell	\ell
latex2e-_hbar	\hbar
latex2e-_in	\in
latex2e-_notin	\notin
latex2e-_partial	\partial
latex2e-_wp	\wp
latex2e-_exists	\exists
latex2e-_Im	\Im
latex2e-_jmath	\jmath
latex2e-_Re	\Re
amssymb-_Bbbk	\Bbbk
amssymb-_complement	\complement
amssymb-_hbar	\hbar
amssymb-_Finv	\Finv
amssymb-_hslash	\hslash
amssymb-_circledS	\circledS
amssymb-_Game	\Game
amssymb-_nexists	\nexists
stmaryrd-_Lbag	\Lbag
stmaryrd-_Rbag	\Rbag
stmaryrd-_lbag	\lbag
stmaryrd-_rbag	\rbag
stmaryrd-_llceil	\llceil
stmaryrd-_rrceil	\rrceil
stmaryrd-_llfloor	\llfloor
stmaryrd-_rrfloor	\rrfloor
stmaryrd-_llparenthesis	\llparenthesis
stmaryrd-_rrparenthesis	\rrparenthesis
latex2e-_langle	\langle
latex2e-_rangle	\rangle
latex2e-_lceil	\lceil
latex2e-_rceil	\rceil
latex2e-_lfloor	\lfloor
latex2e-_rfloor	\rfloor
latex2e-[	[
latex2e-]	]
latex2e-|	|
latex2e-_|	\|
latex2e-/	/
stmaryrd-_llbracket	\llbracket
stmaryrd-_rrbracket	\rrbracket
textcomp-_textlangle	\textlangle
textcomp-_textrangle	\textrangle
textcomp-_textlbrackdbl	\textlbrackdbl
textcomp-_textrbrackdbl	\textrbrackdbl
textcomp-_textlquill	\textlquill
textcomp-_textrquill	\textrquill
latex2e-_cdotp	\cdotp
latex2e-_colon	\colon
latex2e-_ldotp	\ldotp
latex2e-_vdots	\vdots
latex2e-_cdots	\cdots
latex2e-_ddots	\ddots
latex2e-_ldots	\ldots
amsmath-_dotsi	\dotsi
amsmath-_dotsb	\dotsb
amsmath-_dotsm	\dotsm
amsmath-_dotsc	\dotsc
amsmath-_dotso	\dotso
latex2e-_aleph	\aleph
latex2e-_infty	\infty
latex2e-_prime	\prime
latex2e-_angle	\angle
latex2e-_diamondsuit	\diamondsuit
latex2e-_sharp	\sharp
latex2e-_backslash	\backslash
latex2e-_emptyset	\emptyset
latex2e-_nabla	\nabla
latex2e-_spadesuit	\spadesuit
latex2e-_flat	\flat
latex2e-_natural	\natural
latex2e-_surd	\surd
latex2e-_clubsuit	\clubsuit
latex2e-_heartsuit	\heartsuit
latex2e-_neg	\neg
latex2e-_triangle	\triangle
latex2e-_sqrt{}	\sqrt{}
amssymb-_angle	\angle
amssymb-_blacktriangledown	\blacktriangledown
amssymb-_mho	\mho
amssymb-_backprime	\backprime
amssymb-_diagdown	\diagdown
amssymb-_sphericalangle	\sphericalangle
amssymb-_bigstar	\bigstar
amssymb-_diagup	\diagup
amssymb-_square	\square
amssymb-_blacklozenge	\blacklozenge
amssymb-_eth	\eth
amssymb-_triangledown	\triangledown
amssymb-_blacksquare	\blacksquare
amssymb-_lozenge	\lozenge
amssymb-_varnothing	\varnothing
amssymb-_blacktriangle	\blacktriangle
amssymb-_measuredangle	\measuredangle
amssymb-_vartriangle	\vartriangle
amssymb-_beth	\beth
amssymb-_daleth	\daleth
amssymb-_gimel	\gimel
textcomp-_textdegree	\textdegree
textcomp-_textonehalf	\textonehalf
textcomp-_textthreequarters	\textthreequarters
textcomp-_textdiv	\textdiv
textcomp-_textonequarter	\textonequarter
textcomp-_textthreesuperior	\textthreesuperior
textcomp-_textfractionsolidus	\textfractionsolidus
textcomp-_textonesuperior	\textonesuperior
textcomp-_texttimes	\texttimes
textcomp-_textlnot	\textlnot
textcomp-_textpm	\textpm
textcomp-_texttwosuperior	\texttwosuperior
textcomp-_textminus	\textminus
textcomp-_textsurd	\textsurd
mathdots-_iddots	\iddots
amssymb-_mathcal{A}	\mathcal{A}
amssymb-_mathcal{B}	\mathcal{B}
amssymb-_mathcal{C}	\mathcal{C}
amssymb-_mathcal{D}	\mathcal{D}
amssymb-_mathcal{E}	\mathcal{E}
amssymb-_mathcal{F}	\mathcal{F}
amssymb-_mathcal{G}	\mathcal{G}
amssymb-_mathcal{H}	\mathcal{H}
amssymb-_mathcal{I}	\mathcal{I}
amssymb-_mathcal{J}	\mathcal{J}
amssymb-_mathcal{K}	\mathcal{K}
amssymb-_mathcal{L}	\mathcal{L}
amssymb-_mathcal{M}	\mathcal{M}
amssymb-_mathcal{N}	\mathcal{N}
amssymb-_mathcal{O}	\mathcal{O}
amssymb-_mathcal{P}	\mathcal{P}
amssymb-_mathcal{Q}	\mathcal{Q}
amssymb-_mathcal{R}	\mathcal{R}
amssymb-_mathcal{S}	\mathcal{S}
amssymb-_mathcal{T}	\mathcal{T}
amssymb-_mathcal{U}	\mathcal{U}
amssymb-_mathcal{V}	\mathcal{V}
amssymb-_mathcal{W}	\mathcal{W}
amssymb-_mathcal{X}	\mathcal{X}
amssymb-_mathcal{Y}	\mathcal{Y}
amssymb-_mathcal{Z}	\mathcal{Z}
amssymb-_mathfrak{A}	\mathfrak{A}
amssymb-_mathfrak{B}	\mathfrak{B}
amssymb-_mathfrak{C}	\mathfrak{C}
amssymb-_mathfrak{D}	\mathfrak{D}
amssymb-_mathfrak{E}	\mathfrak{E}
amssymb-_mathfrak{F}	\mathfrak{F}
amssymb-_mathfrak{G}	\mathfrak{G}
amssymb-_mathfrak{H}	\mathfrak{H}
amssymb-_mathfrak{I}	\mathfrak{I}
amssymb-_mathfrak{J}	\mathfrak{J}
amssymb-_mathfrak{K}	\mathfrak{K}
amssymb-_mathfrak{L}	\mathfrak{L}
amssymb-_mathfrak{M}	\mathfrak{M}
amssymb-_mathfrak{N}	\mathfrak{N}
amssymb-_mathfrak{O}	\mathfrak{O}
amssymb-_mathfrak{P}	\mathfrak{P}
amssymb-_mathfrak{Q}	\mathfrak{Q}
amssymb-_mathfrak{R}	\mathfrak{R}
amssymb-_mathfrak{S}	\mathfrak{S}
amssymb-_mathfrak{T}	\mathfrak{T}
amssymb-_mathfrak{U}	\mathfrak{U}
amssymb-_mathfrak{V}	\mathfrak{V}
amssymb-_mathfrak{W}	\mathfrak{W}
amssymb-_mathfrak{X}	\mathfrak{X}
amssymb-_mathfrak{Y}	\mathfrak{Y}
amssymb-_mathfrak{Z}	\mathfrak{Z}
amssymb-_mathfrak{a}	\mathfrak{a}
amssymb-_mathfrak{b}	\mathfrak{b}
amssymb-_mathfrak{c}	\mathfrak{c}
amssymb-_mathfrak{d}	\mathfrak{d}
amssymb-_mathfrak{e}	\mathfrak{e}
amssymb-_mathfrak{f}	\mathfrak{f}
amssymb-_mathfrak{g}	\mathfrak{g}
amssymb-_mathfrak{h}	\mathfrak{h}
amssymb-_mathfrak{i}	\mathfrak{i}
amssymb-_mathfrak{j}	\mathfrak{j}
amssymb-_mathfrak{k}	\mathfrak{k}
amssymb-_mathfrak{l}	\mathfrak{l}
amssymb-_mathfrak{m}	\mathfrak{m}
amssymb-_mathfrak{n}	\mathfrak{n}
amssymb-_mathfrak{o}	\mathfrak{o}
amssymb-_mathfrak{p}	\mathfrak{p}
amssymb-_mathfrak{q}	\mathfrak{q}
amssymb-_mathfrak{r}	\mathfrak{r}
amssymb-_mathfrak{s}	\mathfrak{s}
amssymb-_mathfrak{t}	\mathfrak{t}
amssymb-_mathfrak{u}	\mathfrak{u}
amssymb-_mathfrak{v}	\mathfrak{v}
amssymb-_mathfrak{w}	\mathfrak{w}
amssymb-_mathfrak{x}	\mathfrak{x}
amssymb-_mathfrak{y}	\mathfrak{y}
amssymb-_mathfrak{z}	\mathfrak{z}
bbold-_mathbb{1}	\mathbb{1}
dsfont-_mathds{1}	\mathds{1}
dsfont-_mathds{h}	\mathds{h}
dsfont-_mathds{k}	\mathds{k}
dsfont-_mathds{A}	\mathds{A}
dsfont-_mathds{B}	\mathds{B}
dsfont-_mathds{C}	\mathds{C}
dsfont-_mathds{D}	\mathds{D}
dsfont-_mathds{E}	\mathds{E}
dsfont-_mathds{F}	\mathds{F}
dsfont-_mathds{G}	\mathds{G}
dsfont-_mathds{H}	\mathds{H}
dsfont-_mathds{I}	\mathds{I}
dsfont-_mathds{J}	\mathds{J}
dsfont-_mathds{K}	\mathds{K}
dsfont-_mathds{L}	\mathds{L}
dsfont-_mathds{M}	\mathds{M}
dsfont-_mathds{N}	\mathds{N}
dsfont-_mathds{O}	\mathds{O}
dsfont-_mathds{P}	\mathds{P}
dsfont-_mathds{Q}	\mathds{Q}
dsfont-_mathds{R}	\mathds{R}
dsfont-_mathds{S}	\mathds{S}
dsfont-_mathds{T}	\mathds{T}
dsfont-_mathds{U}	\mathds{U}
dsfont-_mathds{V}	\mathds{V}
dsfont-_mathds{W}	\mathds{W}
dsfont-_mathds{X}	\mathds{X}
dsfont-_mathds{Y}	\mathds{Y}
dsfont-_mathds{Z}	\mathds{Z}
mathrsfs-_mathscr{A}	\mathscr{A}
mathrsfs-_mathscr{B}	\mathscr{B}
mathrsfs-_mathscr{C}	\mathscr{C}
mathrsfs-_mathscr{D}	\mathscr{D}
mathrsfs-_mathscr{E}	\mathscr{E}
mathrsfs-_mathscr{F}	\mathscr{F}
mathrsfs-_mathscr{G}	\mathscr{G}
mathrsfs-_mathscr{H}	\mathscr{H}
mathrsfs-_mathscr{I}	\mathscr{I}
mathrsfs-_mathscr{J}	\mathscr{J}
mathrsfs-_mathscr{K}	\mathscr{K}
mathrsfs-_mathscr{L}	\mathscr{L}
mathrsfs-_mathscr{M}	\mathscr{M}
mathrsfs-_mathscr{N}	\mathscr{N}
mathrsfs-_mathscr{O}	\mathscr{O}
mathrsfs-_mathscr{P}	\mathscr{P}
mathrsfs-_mathscr{Q}	\mathscr{Q}
mathrsfs-_mathscr{R}	\mathscr{R}
mathrsfs-_mathscr{S}	\mathscr{S}
mathrsfs-_mathscr{T}	\mathscr{T}
mathrsfs-_mathscr{U}	\mathscr{U}
mathrsfs-_mathscr{V}	\mathscr{V}
mathrsfs-_mathscr{W}	\mathscr{W}
mathrsfs-_mathscr{X}	\mathscr{X}
mathrsfs-_mathscr{Y}	\mathscr{Y}
mathrsfs-_mathscr{Z}	\mathscr{Z}
gensymb-_celsius	\celsius
gensymb-_degree	\degree
gensymb-_ohm	\ohm
wasysym-_conjunction	\conjunction
wasysym-_opposition	\opposition
wasysym-_mercury	\mercury
wasysym-_earth	\earth
wasysym-_jupiter	\jupiter
wasysym-_uranus	\uranus
wasysym-_pluto	\pluto
wasysym-_venus	\venus
wasysym-_mars	\mars
wasysym-_saturn	\saturn
wasysym-_neptune	\neptune
wasysym-_astrosun	\astrosun
wasysym-_fullmoon	\fullmoon
wasysym-_leftmoon	\leftmoon
wasysym-_newmoon	\newmoon
wasysym-_rightmoon	\rightmoon
wasysym-_aries	\aries
wasysym-_cancer	\cancer
wasysym-_libra	\libra
wasysym-_aquarius	\aquarius
wasysym-_taurus	\taurus
wasysym-_leo	\leo
wasysym-_scorpio	\scorpio
wasysym-_capricornus	\capricornus
wasysym-_gemini	\gemini
wasysym-_virgo	\virgo
wasysym-_sagittarius	\sagittarius
wasysym-_pisces	\pisces
wasysym-_ascnode	\ascnode
wasysym-_descnode	\descnode
wasysym-_vernal	\vernal
marvosym-_Mercury	\Mercury
marvosym-_Earth	\Earth
marvosym-_Jupiter	\Jupiter
marvosym-_Uranus	\Uranus
marvosym-_Pluto	\Pluto
marvosym-_Venus	\Venus
marvosym-_Mars	\Mars
marvosym-_Saturn	\Saturn
marvosym-_Neptune	\Neptune
marvosym-_Moon	\Moon
marvosym-_Sun	\Sun
marvosym-_Aries	\Aries
marvosym-_Cancer	\Cancer
marvosym-_Libra	\Libra
marvosym-_Aquarius	\Aquarius
marvosym-_Taurus	\Taurus
marvosym-_Leo	\Leo
marvosym-_Scorpio	\Scorpio
marvosym-_Capricorn	\Capricorn
marvosym-_Gemini	\Gemini
marvosym-_Virgo	\Virgo
marvosym-_Sagittarius	\Sagittarius
marvosym-_Pisces	\Pisces
marvosym-_Email	\Email
marvosym-_fax	\fax
marvosym-_Faxmachine	\Faxmachine
marvosym-_Lightning	\Lightning
marvosym-_Pickup	\Pickup
marvosym-_Emailct	\Emailct
marvosym-_FAX	\FAX
marvosym-_Letter	\Letter
marvosym-_Mobilefone	\Mobilefone
marvosym-_Telefon	\Telefon
wasysym-_female	\female
wasysym-_male	\male
wasysym-_LEFTarrow	\LEFTarrow
wasysym-_RIGHTarrow	\RIGHTarrow
wasysym-_lightning	\lightning
wasysym-_DOWNarrow	\DOWNarrow
wasysym-_phone	\phone
wasysym-_UParrow	\UParrow
wasysym-_pointer	\pointer
wasysym-_recorder	\recorder
wasysym-_checked	\checked
wasysym-_kreuz	\kreuz
wasysym-_ataribox	\ataribox
wasysym-_clock	\clock
wasysym-_smiley	\smiley
wasysym-_bell	\bell
wasysym-_diameter	\diameter
wasysym-_sun	\sun
wasysym-_blacksmiley	\blacksmiley
wasysym-_Bowtie	\Bowtie
wasysym-_frownie	\frownie
wasysym-_wasylozenge	\wasylozenge
wasysym-_brokenvert	\brokenvert
wasysym-_invdiameter	\invdiameter
marvosym-_Ankh	\Ankh
marvosym-_Cross	\Cross
marvosym-_Heart	\Heart
marvosym-_Smiley	\Smiley
marvosym-_Bat	\Bat
marvosym-_Mundus	\Mundus
marvosym-_Yinyang	\Yinyang
marvosym-_Celtcross	\Celtcross
marvosym-_Frowny	\Frowny
marvosym-_MVAt	\MVAt
marvosym-_CircledA	\CircledA
marvosym-_MVRightarrow	\MVRightarrow
stix2-_leftouterjoin	\leftouterjoin
stix2-_rightouterjoin	\rightouterjoin
stix2-_fullouterjoin	\fullouterjoin
logix-_Ddagger	\Ddagger
logix-_TripleQuote	\TripleQuote
logix-_Ddaggerr	\Ddaggerr
logix-_Asterick	\Asterick
logix-_CircMinusPlus	\CircMinusPlus
logix-_Divd	\Divd
logix-_Minus	\Minus
logix-_CircAsterick	\CircAsterick
logix-_CircPls	\CircPls
logix-_Divide	\Divide
logix-_MinusPlus	\MinusPlus
logix-_CircDivd	\CircDivd
logix-_CircPlusMinus	\CircPlusMinus
logix-_DMinus	\DMinus
logix-_Pls	\Pls
logix-_CircDivide	\CircDivide
logix-_CircTimes	\CircTimes
logix-_DPlus	\DPlus
logix-_PlusMinus	\PlusMinus
logix-_CircMinus	\CircMinus
logix-_DAsterisk	\DAsterisk
logix-_DTimes	\DTimes
logix-_Times	\Times
stmaryrd-_baro	\baro
stmaryrd-_interleave	\interleave
stmaryrd-_varoast	\varoast
stmaryrd-_bbslash	\bbslash
stmaryrd-_leftslice	\leftslice
stmaryrd-_varobar	\varobar
stmaryrd-_binampersand	\binampersand
stmaryrd-_merge	\merge
stmaryrd-_varobslash	\varobslash
stmaryrd-_bindnasrepma	\bindnasrepma
stmaryrd-_minuso	\minuso
stmaryrd-_varocircle	\varocircle
stmaryrd-_boxast	\boxast
stmaryrd-_moo	\moo
stmaryrd-_varodot	\varodot
stmaryrd-_boxbar	\boxbar
stmaryrd-_nplus	\nplus
stmaryrd-_varogreaterthan	\varogreaterthan
stmaryrd-_boxbox	\boxbox
stmaryrd-_obar	\obar
stmaryrd-_varolessthan	\varolessthan
stmaryrd-_boxbslash	\boxbslash
stmaryrd-_oblong	\oblong
stmaryrd-_varominus	\varominus
stmaryrd-_boxcircle	\boxcircle
stmaryrd-_obslash	\obslash
stmaryrd-_varoplus	\varoplus
stmaryrd-_boxdot	\boxdot
stmaryrd-_ogreaterthan	\ogreaterthan
stmaryrd-_varoslash	\varoslash
stmaryrd-_boxempty	\boxempty
stmaryrd-_olessthan	\olessthan
stmaryrd-_varotimes	\varotimes
stmaryrd-_boxslash	\boxslash
stmaryrd-_ovee	\ovee
stmaryrd-_varovee	\varovee
stmaryrd-_curlyveedownarrow	\curlyveedownarrow
stmaryrd-_owedge	\owedge
stmaryrd-_varowedge	\varowedge
stmaryrd-_curlyveeuparrow	\curlyveeuparrow
stmaryrd-_rightslice	\rightslice
stmaryrd-_vartimes	\vartimes
stmaryrd-_curlywedgedownarrow	\curlywedgedownarrow
stmaryrd-_sslash	\sslash
stmaryrd-_Ydown	\Ydown
stmaryrd-_curlywedgeuparrow	\curlywedgeuparrow
stmaryrd-_talloblong	\talloblong
stmaryrd-_Yleft	\Yleft
stmaryrd-_fatbslash	\fatbslash
stmaryrd-_varbigcirc	\varbigcirc
stmaryrd-_Yright	\Yright
stmaryrd-_fatsemi	\fatsemi
stmaryrd-_varcurlyvee	\varcurlyvee
stmaryrd-_Yup	\Yup
stmaryrd-_fatslash	\fatslash
stmaryrd-_varcurlywedge	\varcurlywedge
txfonts-_circledbar	\circledbar
txfonts-_circledwedge	\circledwedge
txfonts-_medcirc	\medcirc
txfonts-_circledbslash	\circledbslash
txfonts-_invamp	\invamp
txfonts-_sqcapplus	\sqcapplus
txfonts-_circledvee	\circledvee
txfonts-_medbullet	\medbullet
txfonts-_sqcupplus	\sqcupplus
mathabx-_ast	\ast
mathabx-_curlywedge	\curlywedge
mathabx-_sqcap	\sqcap
mathabx-_Asterisk	\Asterisk
mathabx-_divdot	\divdot
mathabx-_sqcup	\sqcup
mathabx-_barwedge	\barwedge
mathabx-_divideontimes	\divideontimes
mathabx-_sqdoublecap	\sqdoublecap
mathabx-_bigstar	\bigstar
mathabx-_dotdiv	\dotdiv
mathabx-_sqdoublecup	\sqdoublecup
mathabx-_bigvarstar	\bigvarstar
mathabx-_dotplus	\dotplus
mathabx-_square	\square
mathabx-_blackdiamond	\blackdiamond
mathabx-_dottimes	\dottimes
mathabx-_squplus	\squplus
mathabx-_cap	\cap
mathabx-_doublebarwedge	\doublebarwedge
mathabx-_udot	\udot
mathabx-_circplus	\circplus
mathabx-_doublecap	\doublecap
mathabx-_uplus	\uplus
mathabx-_coasterisk	\coasterisk
mathabx-_doublecup	\doublecup
mathabx-_varstar	\varstar
mathabx-_coAsterisk	\coAsterisk
mathabx-_ltimes	\ltimes
mathabx-_vee	\vee
mathabx-_convolution	\convolution
mathabx-_pluscirc	\pluscirc
mathabx-_veebar	\veebar
mathabx-_cup	\cup
mathabx-_rtimes	\rtimes
mathabx-_veedoublebar	\veedoublebar
mathabx-_curlyvee	\curlyvee
mathabx-_sqbullet	\sqbullet
mathabx-_wedge	\wedge
MnSymbol-_amalg	\amalg
MnSymbol-_doublesqcup	\doublesqcup
MnSymbol-_righttherefore	\righttherefore
MnSymbol-_ast	\ast
MnSymbol-_doublevee	\doublevee
MnSymbol-_rightthreetimes	\rightthreetimes
MnSymbol-_backslashdiv	\backslashdiv
MnSymbol-_doublewedge	\doublewedge
MnSymbol-_rightY	\rightY
MnSymbol-_bowtie	\bowtie
MnSymbol-_downtherefore	\downtherefore
MnSymbol-_rtimes	\rtimes
MnSymbol-_bullet	\bullet
MnSymbol-_downY	\downY
MnSymbol-_slashdiv	\slashdiv
MnSymbol-_cap	\cap
MnSymbol-_dtimes	\dtimes
MnSymbol-_smallprod	\smallprod
MnSymbol-_capdot	\capdot
MnSymbol-_fivedots	\fivedots
MnSymbol-_sqcap	\sqcap
MnSymbol-_capplus	\capplus
MnSymbol-_hbipropto	\hbipropto
MnSymbol-_sqcapdot	\sqcapdot
MnSymbol-_cdot	\cdot
MnSymbol-_hdotdot	\hdotdot
MnSymbol-_sqcapplus	\sqcapplus
MnSymbol-_circ	\circ
MnSymbol-_lefthalfcap	\lefthalfcap
MnSymbol-_sqcup	\sqcup
MnSymbol-_closedcurlyvee	\closedcurlyvee
MnSymbol-_lefthalfcup	\lefthalfcup
MnSymbol-_sqcupdot	\sqcupdot
MnSymbol-_closedcurlywedge	\closedcurlywedge
MnSymbol-_lefttherefore	\lefttherefore
MnSymbol-_sqcupplus	\sqcupplus
MnSymbol-_cup	\cup
MnSymbol-_leftthreetimes	\leftthreetimes
MnSymbol-_squaredots	\squaredots
MnSymbol-_cupdot	\cupdot
MnSymbol-_leftY	\leftY
MnSymbol-_times	\times
MnSymbol-_cupplus	\cupplus
MnSymbol-_ltimes	\ltimes
MnSymbol-_udotdot	\udotdot
MnSymbol-_curlyvee	\curlyvee
MnSymbol-_medbackslash	\medbackslash
MnSymbol-_uptherefore	\uptherefore
MnSymbol-_curlyveedot	\curlyveedot
MnSymbol-_upY	\upY
MnSymbol-_curlywedge	\curlywedge
MnSymbol-_medslash	\medslash
MnSymbol-_utimes	\utimes
MnSymbol-_curlywedgedot	\curlywedgedot
MnSymbol-_vbipropto	\vbipropto
MnSymbol-_ddotdot	\ddotdot
MnSymbol-_medvertdot	\medvertdot
MnSymbol-_vdotdot	\vdotdot
MnSymbol-_diamonddots	\diamonddots
MnSymbol-_minus	\minus
MnSymbol-_vee	\vee
MnSymbol-_div	\div
MnSymbol-_minusdot	\minusdot
MnSymbol-_veedot	\veedot
MnSymbol-_dotmedvert	\dotmedvert
MnSymbol-_mp	\mp
MnSymbol-_vertbowtie	\vertbowtie
MnSymbol-_dotminus	\dotminus
MnSymbol-_neswbipropto	\neswbipropto
MnSymbol-_vertdiv	\vertdiv
MnSymbol-_doublecap	\doublecap
MnSymbol-_nwsebipropto	\nwsebipropto
MnSymbol-_wedge	\wedge
MnSymbol-_doublecup	\doublecup
MnSymbol-_plus	\plus
MnSymbol-_wedgedot	\wedgedot
MnSymbol-_doublecurlyvee	\doublecurlyvee
MnSymbol-_pm	\pm
MnSymbol-_wreath	\wreath
MnSymbol-_doublecurlywedge	\doublecurlywedge
MnSymbol-_righthalfcap	\righthalfcap
MnSymbol-_doublesqcap	\doublesqcap
MnSymbol-_righthalfcup	\righthalfcup
fdsymbol-_amalg	\amalg
fdsymbol-_doublesqcup	\doublesqcup
fdsymbol-_rightY	\rightY
fdsymbol-_ast	\ast
fdsymbol-_doublevee	\doublevee
fdsymbol-_rtimes	\rtimes
fdsymbol-_barwedge	\barwedge
fdsymbol-_doublewedge	\doublewedge
fdsymbol-_setminus	\setminus
fdsymbol-_bowtie	\bowtie
fdsymbol-_downY	\downY
fdsymbol-_sqcap	\sqcap
fdsymbol-_cap	\cap
fdsymbol-_dtimes	\dtimes
fdsymbol-_sqcapdot	\sqcapdot
fdsymbol-_capdot	\capdot
fdsymbol-_hdotdot	\hdotdot
fdsymbol-_sqcapplus	\sqcapplus
fdsymbol-_capplus	\capplus
fdsymbol-_intercal	\intercal
fdsymbol-_sqcup	\sqcup
fdsymbol-_cdot	\cdot
fdsymbol-_intprod	\intprod
fdsymbol-_sqcupdot	\sqcupdot
fdsymbol-_centerdot	\centerdot
fdsymbol-_intprodr	\intprodr
fdsymbol-_sqcupplus	\sqcupplus
fdsymbol-_cup	\cup
fdsymbol-_leftthreetimes	\leftthreetimes
fdsymbol-_times	\times
fdsymbol-_cupdot	\cupdot
fdsymbol-_leftY	\leftY
fdsymbol-_timesbar	\timesbar
fdsymbol-_cupplus	\cupplus
fdsymbol-_ltimes	\ltimes
fdsymbol-_udotdot	\udotdot
fdsymbol-_curlyvee	\curlyvee
fdsymbol-_medbackslash	\medbackslash
fdsymbol-_upbowtie	\upbowtie
fdsymbol-_curlywedge	\curlywedge
fdsymbol-_medslash	\medslash
fdsymbol-_upY	\upY
fdsymbol-_ddotdot	\ddotdot
fdsymbol-_minus	\minus
fdsymbol-_utimes	\utimes
fdsymbol-_div	\div
fdsymbol-_minusdot	\minusdot
fdsymbol-_varamalg	\varamalg
fdsymbol-_divideontimes	\divideontimes
fdsymbol-_minusfdots	\minusfdots
fdsymbol-_vdotdot	\vdotdot
fdsymbol-_divslash	\divslash
fdsymbol-_minusrdots	\minusrdots
fdsymbol-_vdots	\vdots
fdsymbol-_dotminus	\dotminus
fdsymbol-_mp	\mp
fdsymbol-_vee	\vee
fdsymbol-_dotplus	\dotplus
fdsymbol-_plus	\plus
fdsymbol-_veebar	\veebar
fdsymbol-_dottimes	\dottimes
fdsymbol-_plusdot	\plusdot
fdsymbol-_veedot	\veedot
fdsymbol-_doublebarwedge	\doublebarwedge
fdsymbol-_pm	\pm
fdsymbol-_veedoublebar	\veedoublebar
fdsymbol-_doublecap	\doublecap
fdsymbol-_pullback	\pullback
fdsymbol-_wedge	\wedge
fdsymbol-_doublecup	\doublecup
fdsymbol-_pushout	\pushout
fdsymbol-_wedgedot	\wedgedot
fdsymbol-_doublesqcap	\doublesqcap
fdsymbol-_rightthreetimes	\rightthreetimes
fdsymbol-_wreath	\wreath
stix-_amalg	\amalg
stix-_ast	\ast
stix-_barcap	\barcap
stix-_barcup	\barcup
stix-_barvee	\barvee
stix-_barwedge	\barwedge
stix-_bigslopedvee	\bigslopedvee
stix-_bigslopedwedge	\bigslopedwedge
stix-_btimes	\btimes
stix-_cap	\cap
stix-_Cap	\Cap
stix-_capbarcup	\capbarcup
stix-_capdot	\capdot
stix-_capovercup	\capovercup
stix-_capwedge	\capwedge
stix-_closedvarcap	\closedvarcap
stix-_closedvarcup	\closedvarcup
stix-_closedvarcupsmashprod	\closedvarcupsmashprod
stix-_commaminus	\commaminus
stix-_fcmp	\fcmp
stix-_fracslash	\fracslash
stix-_intercal	\intercal
stix-_interleave	\interleave
stix-_intprod	\intprod
stix-_intprodr	\intprodr
stix-_invlazys	\invlazys
stix-_leftthreetimes	\leftthreetimes
stix-_lhd	\lhd
stix-_ltimes	\ltimes
stix-_midbarvee	\midbarvee
stix-_midbarwedge	\midbarwedge
stix-_minusdot	\minusdot
stix-_minusfdots	\minusfdots
stix-_minusrdots	\minusrdots
stix-_mp	\mp
stix-_nhVvert	\nhVvert
stix-_opluslhrim	\opluslhrim
stix-_oplusrhrim	\oplusrhrim
stix-_sqcup	\sqcup
stix-_Sqcup	\Sqcup
stix-_sslash	\sslash
stix-_threedotcolon	\threedotcolon
stix-_times	\times
stix-_timesbar	\timesbar
stix-_tminus	\tminus
stix-_tplus	\tplus
stix-_tripleplus	\tripleplus
stix-_trslash	\trslash
stix-_twocaps	\twocaps
stix-_twocups	\twocups
stix-_typecolon	\typecolon
stix-_uminus	\uminus
stix-_unlhd	\unlhd
stix-_unrhd	\unrhd
stix-_upand	\upand
stix-_uplus	\uplus
stix-_varbarwedge	\varbarwedge
stix-_cup	\cup
stix-_Cup	\Cup
stix-_cupbarcap	\cupbarcap
stix-_cupdot	\cupdot
stix-_cupleftarrow	\cupleftarrow
stix-_cupovercap	\cupovercap
stix-_cupvee	\cupvee
stix-_curlyvee	\curlyvee
stix-_curlywedge	\curlywedge
stix-_dagger	\dagger
stix-_ddagger	\ddagger
stix-_div	\div
stix-_divideontimes	\divideontimes
stix-_dotminus	\dotminus
stix-_dotplus	\dotplus
stix-_dottimes	\dottimes
stix-_doublebarvee	\doublebarvee
stix-_doublebarwedge	\doublebarwedge
stix-_doubleplus	\doubleplus
stix-_dsol	\dsol
stix-_eqqplus	\eqqplus
stix-_otimeslhrim	\otimeslhrim
stix-_vardoublebarwedge	\vardoublebarwedge
stix-_otimesrhrim	\otimesrhrim
stix-_varveebar	\varveebar
stix-_plusdot	\plusdot
stix-_vectimes	\vectimes
stix-_pluseqq	\pluseqq
stix-_Vee	\Vee
stix-_plushat	\plushat
stix-_vee	\vee
stix-_plussim	\plussim
stix-_veebar	\veebar
stix-_plussubtwo	\plussubtwo
stix-_veedot	\veedot
stix-_plustrif	\plustrif
stix-_veedoublebar	\veedoublebar
stix-_pm	\pm
stix-_veemidvert	\veemidvert
stix-_rhd	\rhd
stix-_veeodot	\veeodot
stix-_rightthreetimes	\rightthreetimes
stix-_veeonvee	\veeonvee
stix-_ringplus	\ringplus
stix-_Wedge	\Wedge
stix-_rsolbar	\rsolbar
stix-_wedge	\wedge
stix-_rtimes	\rtimes
stix-_wedgebar	\wedgebar
stix-_setminus	\setminus
stix-_wedgedot	\wedgedot
stix-_shuffle	\shuffle
stix-_wedgedoublebar	\wedgedoublebar
stix-_simplus	\simplus
stix-_wedgemidvert	\wedgemidvert
stix-_smallsetminus	\smallsetminus
stix-_wedgeodot	\wedgeodot
stix-_smashtimes	\smashtimes
stix-_wedgeonwedge	\wedgeonwedge
stix-_sqcap	\sqcap
stix-_wr	\wr
stix-_Sqcap	\Sqcap
logix-_CircInvNt	\CircInvNt
logix-_CircXor	\CircXor
logix-_Nand	\Nand
logix-_SbNd	\SbNd
logix-_CircNand	\CircNand
logix-_Dnd	\Dnd
logix-_Nd	\Nd
logix-_SbNor	\SbNor
logix-_CircNd	\CircNd
logix-_Dnt	\Dnt
logix-_Ngt	\Ngt
logix-_SbOr	\SbOr
logix-_CircNgt	\CircNgt
logix-_Dor	\Dor
logix-_Nor	\Nor
logix-_SbXor	\SbXor
logix-_CircNor	\CircNor
logix-_InvNt	\InvNt
logix-_Nt	\Nt
logix-_Shfr	\Shfr
logix-_CircNt	\CircNt
logix-_Lnand	\Lnand
logix-_Or	\Or
logix-_Xor	\Xor
logix-_CircOr	\CircOr
logix-_Lnor	\Lnor
logix-_SbNand	\SbNand
mathabx-_blacktriangledown	\blacktriangledown
mathabx-_boxright	\boxright
mathabx-_ominus	\ominus
mathabx-_blacktriangleleft	\blacktriangleleft
mathabx-_boxslash	\boxslash
mathabx-_oplus	\oplus
mathabx-_blacktriangleright	\blacktriangleright
mathabx-_boxtimes	\boxtimes
mathabx-_oright	\oright
mathabx-_blacktriangleup	\blacktriangleup
mathabx-_boxtop	\boxtop
mathabx-_oslash	\oslash
mathabx-_boxasterisk	\boxasterisk
mathabx-_boxtriangleup	\boxtriangleup
mathabx-_otimes	\otimes
mathabx-_boxbackslash	\boxbackslash
mathabx-_boxvoid	\boxvoid
mathabx-_otop	\otop
mathabx-_boxbot	\boxbot
mathabx-_oasterisk	\oasterisk
mathabx-_otriangleup	\otriangleup
mathabx-_boxcirc	\boxcirc
mathabx-_obackslash	\obackslash
mathabx-_ovoid	\ovoid
mathabx-_boxcoasterisk	\boxcoasterisk
mathabx-_obot	\obot
mathabx-_smalltriangledown	\smalltriangledown
mathabx-_boxdiv	\boxdiv
mathabx-_ocirc	\ocirc
mathabx-_smalltriangleleft	\smalltriangleleft
mathabx-_boxdot	\boxdot
mathabx-_ocoasterisk	\ocoasterisk
mathabx-_smalltriangleright	\smalltriangleright
mathabx-_boxleft	\boxleft
mathabx-_odiv	\odiv
mathabx-_smalltriangleup	\smalltriangleup
mathabx-_boxminus	\boxminus
mathabx-_odot	\odot
mathabx-_boxplus	\boxplus
mathabx-_oleft	\oleft
MnSymbol-_boxbackslash	\boxbackslash
MnSymbol-_filledmedtriangledown	\filledmedtriangledown
MnSymbol-_ocirc	\ocirc
MnSymbol-_boxbox	\boxbox
MnSymbol-_filledmedtriangleleft	\filledmedtriangleleft
MnSymbol-_odot	\odot
MnSymbol-_boxdot	\boxdot
MnSymbol-_filledmedtriangleright	\filledmedtriangleright
MnSymbol-_ominus	\ominus
MnSymbol-_boxminus	\boxminus
MnSymbol-_filledmedtriangleup	\filledmedtriangleup
MnSymbol-_oplus	\oplus
MnSymbol-_boxplus	\boxplus
MnSymbol-_filledsquare	\filledsquare
MnSymbol-_oslash	\oslash
MnSymbol-_boxslash	\boxslash
MnSymbol-_filledstar	\filledstar
MnSymbol-_ostar	\ostar
MnSymbol-_boxtimes	\boxtimes
MnSymbol-_filledtriangledown	\filledtriangledown
MnSymbol-_otimes	\otimes
MnSymbol-_boxvert	\boxvert
MnSymbol-_filledtriangleleft	\filledtriangleleft
MnSymbol-_otriangle	\otriangle
MnSymbol-_diamondbackslash	\diamondbackslash
MnSymbol-_filledtriangleright	\filledtriangleright
MnSymbol-_overt	\overt
MnSymbol-_diamonddiamond	\diamonddiamond
MnSymbol-_filledtriangleup	\filledtriangleup
MnSymbol-_pentagram	\pentagram
MnSymbol-_diamonddot	\diamonddot
MnSymbol-_meddiamond	\meddiamond
MnSymbol-_smalldiamond	\smalldiamond
MnSymbol-_diamondminus	\diamondminus
MnSymbol-_medsquare	\medsquare
MnSymbol-_smallsquare	\smallsquare
MnSymbol-_diamondplus	\diamondplus
MnSymbol-_medstar	\medstar
MnSymbol-_smallstar	\smallstar
MnSymbol-_diamondslash	\diamondslash
MnSymbol-_medtriangledown	\medtriangledown
MnSymbol-_smalltriangledown	\smalltriangledown
MnSymbol-_diamondtimes	\diamondtimes
MnSymbol-_medtriangleleft	\medtriangleleft
MnSymbol-_smalltriangleleft	\smalltriangleleft
MnSymbol-_diamondvert	\diamondvert
MnSymbol-_medtriangleright	\medtriangleright
MnSymbol-_smalltriangleright	\smalltriangleright
MnSymbol-_downslice	\downslice
MnSymbol-_medtriangleup	\medtriangleup
MnSymbol-_smalltriangleup	\smalltriangleup
MnSymbol-_filleddiamond	\filleddiamond
MnSymbol-_oast	\oast
MnSymbol-_thinstar	\thinstar
MnSymbol-_filledmedsquare	\filledmedsquare
MnSymbol-_obackslash	\obackslash
MnSymbol-_upslice	\upslice
stix-_blackhourglass	\blackhourglass
stix-_concavediamondtickleft	\concavediamondtickleft
stix-_oplus	\oplus
stix-_boxast	\boxast
stix-_concavediamondtickright	\concavediamondtickright
stix-_oslash	\oslash
stix-_boxbar	\boxbar
stix-_diamond	\diamond
stix-_otimes	\otimes
stix-_boxbox	\boxbox
stix-_dsub	\dsub
stix-_Otimes	\Otimes
stix-_boxbslash	\boxbslash
stix-_hourglass	\hourglass
stix-_otimeshat	\otimeshat
stix-_boxcircle	\boxcircle
stix-_lozengeminus	\lozengeminus
stix-_rsub	\rsub
stix-_boxdiag	\boxdiag
stix-_boxdot	\boxdot
stix-_star	\star
stix-_boxminus	\boxminus
stix-_obar	\obar
stix-_talloblong	\talloblong
stix-_boxplus	\boxplus
stix-_obot	\obot
stix-_triangle	\triangle
stix-_boxtimes	\boxtimes
stix-_obslash	\obslash
stix-_triangleminus	\triangleminus
stix-_circledast	\circledast
stix-_odiv	\odiv
stix-_triangleplus	\triangleplus
stix-_circledcirc	\circledcirc
stix-_odot	\odot
stix-_triangleserifs	\triangleserifs
stix-_circleddash	\circleddash
stix-_odotslashdot	\odotslashdot
stix-_triangletimes	\triangletimes
stix-_circledequal	\circledequal
stix-_ogreaterthan	\ogreaterthan
stix-_circledparallel	\circledparallel
stix-_olcross	\olcross
stix-_circledvert	\circledvert
stix-_olessthan	\olessthan
stix-_circlehbar	\circlehbar
stix-_ominus	\ominus
stix-_concavediamond	\concavediamond
stix-_operp	\operp
stix-_vysmwhtcircle	\vysmwhtcircle
stix-_whitesquaretickleft	\whitesquaretickleft
stix-_whitesquaretickright	\whitesquaretickright
halloweenmath-_bigpumpkin	\bigpumpkin
halloweenmath-_pumpkin	\pumpkin
txfonts-_bigsqcapplus	\bigsqcapplus
txfonts-_ointclockwise	\ointclockwise
txfonts-_bigsqcupplus	\bigsqcupplus
txfonts-_ointctrclockwise	\ointctrclockwise
txfonts-_fint	\fint
txfonts-_sqiiint	\sqiiint
txfonts-_idotsint	\idotsint
txfonts-_sqiint	\sqiint
txfonts-_sqint	\sqint
txfonts-_varoiiintclockwise	\varoiiintclockwise
txfonts-_oiiintclockwise	\oiiintclockwise
txfonts-_oiiintctrclockwise	\oiiintctrclockwise
txfonts-_oiiint	\oiiint
txfonts-_oiintclockwise	\oiintclockwise
txfonts-_oiintctrclockwise	\oiintctrclockwise
txfonts-_oiint	\oiint
txfonts-_varoiiintctrclockwise	\varoiiintctrclockwise
txfonts-_varoiintclockwise	\varoiintclockwise
txfonts-_varoiintctrclockwise	\varoiintctrclockwise
txfonts-_varointclockwise	\varointclockwise
txfonts-_varointctrclockwise	\varointctrclockwise
txfonts-_varprod	\varprod
MnSymbol-_bigcap	\bigcap
MnSymbol-_bigcapdot	\bigcapdot
MnSymbol-_bigcapplus	\bigcapplus
MnSymbol-_bigcircle	\bigcircle
MnSymbol-_bigcup	\bigcup
MnSymbol-_bigcupdot	\bigcupdot
MnSymbol-_bigcupplus	\bigcupplus
MnSymbol-_bigcurlyvee	\bigcurlyvee
MnSymbol-_bigcurlyveedot	\bigcurlyveedot
MnSymbol-_bigcurlywedge	\bigcurlywedge
MnSymbol-_bigcurlywedgedot	\bigcurlywedgedot
MnSymbol-_bigominus	\bigominus
MnSymbol-_complement	\complement
MnSymbol-_bigoplus	\bigoplus
MnSymbol-_coprod	\coprod
MnSymbol-_bigoslash	\bigoslash
MnSymbol-_idotsint	\idotsint
MnSymbol-_bigostar	\bigostar
MnSymbol-_iiiint	\iiiint
MnSymbol-_bigotimes	\bigotimes
MnSymbol-_iiint	\iiint
MnSymbol-_bigotriangle	\bigotriangle
MnSymbol-_iint	\iint
MnSymbol-_bigovert	\bigovert
MnSymbol-_int	\int
MnSymbol-_bigplus	\bigplus
MnSymbol-_landdownint	\landdownint
MnSymbol-_bigsqcap	\bigsqcap
MnSymbol-_landupint	\landupint
MnSymbol-_bigsqcapdot	\bigsqcapdot
MnSymbol-_lcircleleftint	\lcircleleftint
MnSymbol-_bigsqcapplus	\bigsqcapplus
MnSymbol-_lcirclerightint	\lcirclerightint
MnSymbol-_bigdoublecurlyvee	\bigdoublecurlyvee
MnSymbol-_bigsqcup	\bigsqcup
MnSymbol-_oiint	\oiint
MnSymbol-_bigdoublecurlywedge	\bigdoublecurlywedge
MnSymbol-_bigsqcupdot	\bigsqcupdot
MnSymbol-_oint	\oint
MnSymbol-_bigdoublevee	\bigdoublevee
MnSymbol-_bigsqcupplus	\bigsqcupplus
MnSymbol-_prod	\prod
MnSymbol-_bigdoublewedge	\bigdoublewedge
MnSymbol-_bigtimes	\bigtimes
MnSymbol-_rcircleleftint	\rcircleleftint
MnSymbol-_bigoast	\bigoast
MnSymbol-_bigvee	\bigvee
MnSymbol-_rcirclerightint	\rcirclerightint
MnSymbol-_bigobackslash	\bigobackslash
MnSymbol-_bigveedot	\bigveedot
MnSymbol-_strokedint	\strokedint
MnSymbol-_bigocirc	\bigocirc
MnSymbol-_bigwedge	\bigwedge
MnSymbol-_sum	\sum
MnSymbol-_bigodot	\bigodot
MnSymbol-_bigwedgedot	\bigwedgedot
MnSymbol-_sumint	\sumint
fdsymbol-_bigcap	\bigcap
fdsymbol-_bigsqcup	\bigsqcup
fdsymbol-_landupint	\landupint
fdsymbol-_bigcapdot	\bigcapdot
fdsymbol-_bigsqcupdot	\bigsqcupdot
fdsymbol-_lcircleleftint	\lcircleleftint
fdsymbol-_bigcapplus	\bigcapplus
fdsymbol-_bigsqcupplus	\bigsqcupplus
fdsymbol-_lcirclerightint	\lcirclerightint
fdsymbol-_bigcup	\bigcup
fdsymbol-_bigtimes	\bigtimes
fdsymbol-_oiiint	\oiiint
fdsymbol-_bigcupdot	\bigcupdot
fdsymbol-_bigvee	\bigvee
fdsymbol-_oiint	\oiint
fdsymbol-_bigcupplus	\bigcupplus
fdsymbol-_bigveedot	\bigveedot
fdsymbol-_oint	\oint
fdsymbol-_bigcurlyvee	\bigcurlyvee
fdsymbol-_bigwedge	\bigwedge
fdsymbol-_osum	\osum
fdsymbol-_bigcurlywedge	\bigcurlywedge
fdsymbol-_bigwedgedot	\bigwedgedot
fdsymbol-_prod	\prod
fdsymbol-_bigdoublevee	\bigdoublevee
fdsymbol-_coprod	\coprod
fdsymbol-_rcircleleftint	\rcircleleftint
fdsymbol-_bigdoublewedge	\bigdoublewedge
fdsymbol-_fint	\fint
fdsymbol-_rcirclerightint	\rcirclerightint
fdsymbol-_bigoast	\bigoast
fdsymbol-_idotsint	\idotsint
fdsymbol-_sum	\sum
fdsymbol-_bigodot	\bigodot
fdsymbol-_iiiint	\iiiint
fdsymbol-_sumint	\sumint
fdsymbol-_bigoplus	\bigoplus
fdsymbol-_iiint	\iiint
fdsymbol-_varcoprod	\varcoprod
fdsymbol-_bigotimes	\bigotimes
fdsymbol-_iint	\iint
fdsymbol-_varosum	\varosum
fdsymbol-_bigplus	\bigplus
fdsymbol-_int	\int
fdsymbol-_varprod	\varprod
fdsymbol-_bigsqcap	\bigsqcap
fdsymbol-_intbar	\intbar
fdsymbol-_varsum	\varsum
fdsymbol-_bigsqcapdot	\bigsqcapdot
fdsymbol-_intBar	\intBar
fdsymbol-_varsumint	\varsumint
fdsymbol-_bigsqcapplus	\bigsqcapplus
fdsymbol-_landdownint	\landdownint
stix-_awint	\awint
stix-_Bbbsum	\Bbbsum
stix-_bigcap	\bigcap
stix-_bigcup	\bigcup
stix-_bigcupdot	\bigcupdot
stix-_bigodot	\bigodot
stix-_bigoplus	\bigoplus
stix-_bigotimes	\bigotimes
stix-_bigsqcap	\bigsqcap
stix-_bigsqcup	\bigsqcup
stix-_bigtalloblong	\bigtalloblong
stix-_bigtimes	\bigtimes
stix-_biguplus	\biguplus
stix-_bigvee	\bigvee
stix-_bigwedge	\bigwedge
stix-_cirfnint	\cirfnint
stix-_coprod	\coprod
stix-_disjquant	\disjquant
stix-_fint	\fint
stix-_iiiint	\iiiint
stix-_iiint	\iiint
stix-_iint	\iint
stix-_int	\int
stix-_intbar	\intbar
stix-_intBar	\intBar
stix-_intcap	\intcap
stix-_intclockwise	\intclockwise
stix-_intcup	\intcup
stix-_intlarhk	\intlarhk
stix-_intx	\intx
stix-_lowint	\lowint
stix-_modtwosum	\modtwosum
stix-_oiiint	\oiiint
stix-_oiint	\oiint
stix-_oint	\oint
stix-_ointctrclockwise	\ointctrclockwise
stix-_pointint	\pointint
stix-_prod	\prod
stix-_rppolint	\rppolint
stix-_scpolint	\scpolint
stix-_sqint	\sqint
stix-_sum	\sum
stix-_sumint	\sumint
stix-_upint	\upint
stix-_varointclockwise	\varointclockwise
stix-_conjquant	\conjquant
stix-_npolint	\npolint
stix-_intup	\intup
stix-_iintup	\iintup
stix-_iiintup	\iiintup
stix-_ointup	\ointup
stix-_oiintup	\oiintup
stix-_oiiintup	\oiiintup
stix-_intclockwiseup	\intclockwiseup
stix-_varointclockwiseup	\varointclockwiseup
stix-_ointctrclockwiseup	\ointctrclockwiseup
stix-_sumintup	\sumintup
stix-_iiiintup	\iiiintup
stix-_intbarup	\intbarup
stix-_intBarup	\intBarup
stix-_fintup	\fintup
stix-_cirfnintup	\cirfnintup
stix-_awintup	\awintup
stix-_rppolintup	\rppolintup
stix-_scpolintup	\scpolintup
stix-_npolintup	\npolintup
stix-_pointintup	\pointintup
stix-_sqintup	\sqintup
stix-_intlarhkup	\intlarhkup
stix-_intxup	\intxup
stix-_intcapup	\intcapup
stix-_intcupup	\intcupup
stix-_upintup	\upintup
stix-_lowintup	\lowintup
txfonts-_circledgtr	\circledgtr
txfonts-_lJoin	\lJoin
txfonts-_opentimes	\opentimes
txfonts-_circledless	\circledless
txfonts-_lrtimes	\lrtimes
txfonts-_Perp	\Perp
txfonts-_colonapprox	\colonapprox
txfonts-_multimap	\multimap
txfonts-_preceqq	\preceqq
txfonts-_Colonapprox	\Colonapprox
txfonts-_multimapboth	\multimapboth
txfonts-_precneqq	\precneqq
txfonts-_coloneq	\coloneq
txfonts-_multimapbothvert	\multimapbothvert
txfonts-_rJoin	\rJoin
txfonts-_Coloneq	\Coloneq
txfonts-_multimapdot	\multimapdot
txfonts-_strictfi	\strictfi
txfonts-_Coloneqq	\Coloneqq
txfonts-_multimapdotboth	\multimapdotboth
txfonts-_strictif	\strictif
txfonts-_coloneqq	\coloneqq
txfonts-_multimapdotbothA	\multimapdotbothA
txfonts-_strictiff	\strictiff
txfonts-_Colonsim	\Colonsim
txfonts-_multimapdotbothAvert	\multimapdotbothAvert
txfonts-_succeqq	\succeqq
txfonts-_colonsim	\colonsim
txfonts-_multimapdotbothB	\multimapdotbothB
txfonts-_succneqq	\succneqq
txfonts-_Eqcolon	\Eqcolon
txfonts-_multimapdotbothBvert	\multimapdotbothBvert
txfonts-_varparallel	\varparallel
txfonts-_eqcolon	\eqcolon
txfonts-_multimapdotbothvert	\multimapdotbothvert
txfonts-_varparallelinv	\varparallelinv
txfonts-_eqqcolon	\eqqcolon
txfonts-_multimapdotinv	\multimapdotinv
txfonts-_VvDash	\VvDash
txfonts-_Eqqcolon	\Eqqcolon
txfonts-_multimapinv	\multimapinv
txfonts-_eqsim	\eqsim
txfonts-_openJoin	\openJoin
txfonts-_napproxeq	\napproxeq
txfonts-_npreccurlyeq	\npreccurlyeq
txfonts-_nthickapprox	\nthickapprox
txfonts-_nasymp	\nasymp
txfonts-_npreceqq	\npreceqq
txfonts-_ntwoheadleftarrow	\ntwoheadleftarrow
txfonts-_nbacksim	\nbacksim
txfonts-_nprecsim	\nprecsim
txfonts-_ntwoheadrightarrow	\ntwoheadrightarrow
txfonts-_nbacksimeq	\nbacksimeq
txfonts-_nsimeq	\nsimeq
txfonts-_nvarparallel	\nvarparallel
txfonts-_nbumpeq	\nbumpeq
txfonts-_nsuccapprox	\nsuccapprox
txfonts-_nvarparallelinv	\nvarparallelinv
txfonts-_nBumpeq	\nBumpeq
txfonts-_nsucccurlyeq	\nsucccurlyeq
txfonts-_nVdash	\nVdash
txfonts-_nequiv	\nequiv
txfonts-_nsucceqq	\nsucceqq
txfonts-_nprecapprox	\nprecapprox
txfonts-_nsuccsim	\nsuccsim
mathabx-_between	\between
mathabx-_divides	\divides
mathabx-_risingdotseq	\risingdotseq
mathabx-_botdoteq	\botdoteq
mathabx-_dotseq	\dotseq
mathabx-_succapprox	\succapprox
mathabx-_Bumpedeq	\Bumpedeq
mathabx-_eqbumped	\eqbumped
mathabx-_succcurlyeq	\succcurlyeq
mathabx-_bumpedeq	\bumpedeq
mathabx-_eqcirc	\eqcirc
mathabx-_succdot	\succdot
mathabx-_circeq	\circeq
mathabx-_eqcolon	\eqcolon
mathabx-_succsim	\succsim
mathabx-_coloneq	\coloneq
mathabx-_fallingdotseq	\fallingdotseq
mathabx-_therefore	\therefore
mathabx-_corresponds	\corresponds
mathabx-_ggcurly	\ggcurly
mathabx-_topdoteq	\topdoteq
mathabx-_curlyeqprec	\curlyeqprec
mathabx-_llcurly	\llcurly
mathabx-_vDash	\vDash
mathabx-_curlyeqsucc	\curlyeqsucc
mathabx-_precapprox	\precapprox
mathabx-_Vdash	\Vdash
mathabx-_DashV	\DashV
mathabx-_preccurlyeq	\preccurlyeq
mathabx-_VDash	\VDash
mathabx-_Dashv	\Dashv
mathabx-_precdot	\precdot
mathabx-_Vvdash	\Vvdash
mathabx-_dashVv	\dashVv
mathabx-_precsim	\precsim
mathabx-_napprox	\napprox
mathabx-_notperp	\notperp
mathabx-_nvDash	\nvDash
mathabx-_ncong	\ncong
mathabx-_nprec	\nprec
mathabx-_nVDash	\nVDash
mathabx-_ncurlyeqprec	\ncurlyeqprec
mathabx-_nprecapprox	\nprecapprox
mathabx-_nVdash	\nVdash
mathabx-_ncurlyeqsucc	\ncurlyeqsucc
mathabx-_npreccurlyeq	\npreccurlyeq
mathabx-_nvdash	\nvdash
mathabx-_nDashv	\nDashv
mathabx-_npreceq	\npreceq
mathabx-_nVvash	\nVvash
mathabx-_ndashV	\ndashV
mathabx-_nprecsim	\nprecsim
mathabx-_precnapprox	\precnapprox
mathabx-_ndashv	\ndashv
mathabx-_nsim	\nsim
mathabx-_precneq	\precneq
mathabx-_nDashV	\nDashV
mathabx-_nsimeq	\nsimeq
mathabx-_precnsim	\precnsim
mathabx-_ndashVv	\ndashVv
mathabx-_nsucc	\nsucc
mathabx-_succnapprox	\succnapprox
mathabx-_neq	\neq
mathabx-_nsuccapprox	\nsuccapprox
mathabx-_succneq	\succneq
mathabx-_notasymp	\notasymp
mathabx-_nsucccurlyeq	\nsucccurlyeq
mathabx-_succnsim	\succnsim
mathabx-_notdivides	\notdivides
mathabx-_nsucceq	\nsucceq
mathabx-_notequiv	\notequiv
mathabx-_nsuccsim	\nsuccsim
MnSymbol-_approx	\approx
MnSymbol-_hateq	\hateq
MnSymbol-_rightpropto	\rightpropto
MnSymbol-_approxeq	\approxeq
MnSymbol-_hcrossing	\hcrossing
MnSymbol-_rightslice	\rightslice
MnSymbol-_backapprox	\backapprox
MnSymbol-_leftfootline	\leftfootline
MnSymbol-_rightVdash	\rightVdash
MnSymbol-_backapproxeq	\backapproxeq
MnSymbol-_leftfree	\leftfree
MnSymbol-_rightvdash	\rightvdash
MnSymbol-_backcong	\backcong
MnSymbol-_leftmodels	\leftmodels
MnSymbol-_risingdotseq	\risingdotseq
MnSymbol-_backeqsim	\backeqsim
MnSymbol-_leftModels	\leftModels
MnSymbol-_sefootline	\sefootline
MnSymbol-_backsim	\backsim
MnSymbol-_leftpropto	\leftpropto
MnSymbol-_sefree	\sefree
MnSymbol-_backsimeq	\backsimeq
MnSymbol-_leftrightline	\leftrightline
MnSymbol-_seModels	\seModels
MnSymbol-_backtriplesim	\backtriplesim
MnSymbol-_Leftrightline	\Leftrightline
MnSymbol-_semodels	\semodels
MnSymbol-_between	\between
MnSymbol-_leftslice	\leftslice
MnSymbol-_separated	\separated
MnSymbol-_bumpeq	\bumpeq
MnSymbol-_leftVdash	\leftVdash
MnSymbol-_seVdash	\seVdash
MnSymbol-_Bumpeq	\Bumpeq
MnSymbol-_leftvdash	\leftvdash
MnSymbol-_sevdash	\sevdash
MnSymbol-_circeq	\circeq
MnSymbol-_nefootline	\nefootline
MnSymbol-_shortparallel	\shortparallel
MnSymbol-_closedequal	\closedequal
MnSymbol-_nefree	\nefree
MnSymbol-_sim	\sim
MnSymbol-_closedprec	\closedprec
MnSymbol-_neModels	\neModels
MnSymbol-_simeq	\simeq
MnSymbol-_closedsucc	\closedsucc
MnSymbol-_nemodels	\nemodels
MnSymbol-_succ	\succ
MnSymbol-_coloneq	\coloneq
MnSymbol-_neswline	\neswline
MnSymbol-_succapprox	\succapprox
MnSymbol-_cong	\cong
MnSymbol-_Neswline	\Neswline
MnSymbol-_succcurlyeq	\succcurlyeq
MnSymbol-_curlyeqprec	\curlyeqprec
MnSymbol-_neVdash	\neVdash
MnSymbol-_succeq	\succeq
MnSymbol-_curlyeqsucc	\curlyeqsucc
MnSymbol-_nevdash	\nevdash
MnSymbol-_succsim	\succsim
MnSymbol-_Doteq	\Doteq
MnSymbol-_nwfootline	\nwfootline
MnSymbol-_swfootline	\swfootline
MnSymbol-_doteq	\doteq
MnSymbol-_nwfree	\nwfree
MnSymbol-_swfree	\swfree
MnSymbol-_downfootline	\downfootline
MnSymbol-_nwmodels	\nwmodels
MnSymbol-_swModels	\swModels
MnSymbol-_downfree	\downfree
MnSymbol-_nwModels	\nwModels
MnSymbol-_swmodels	\swmodels
MnSymbol-_downmodels	\downmodels
MnSymbol-_nwsecrossing	\nwsecrossing
MnSymbol-_swVdash	\swVdash
MnSymbol-_downModels	\downModels
MnSymbol-_Nwseline	\Nwseline
MnSymbol-_swvdash	\swvdash
MnSymbol-_downpropto	\downpropto
MnSymbol-_nwseline	\nwseline
MnSymbol-_triplesim	\triplesim
MnSymbol-_downvdash	\downvdash
MnSymbol-_nwvdash	\nwvdash
MnSymbol-_updownline	\updownline
MnSymbol-_downVdash	\downVdash
MnSymbol-_nwVdash	\nwVdash
MnSymbol-_Updownline	\Updownline
MnSymbol-_eqbump	\eqbump
MnSymbol-_prec	\prec
MnSymbol-_upfootline	\upfootline
MnSymbol-_eqcirc	\eqcirc
MnSymbol-_precapprox	\precapprox
MnSymbol-_upfree	\upfree
MnSymbol-_eqdot	\eqdot
MnSymbol-_preccurlyeq	\preccurlyeq
MnSymbol-_upModels	\upModels
MnSymbol-_eqsim	\eqsim
MnSymbol-_preceq	\preceq
MnSymbol-_upmodels	\upmodels
MnSymbol-_equal	\equal
MnSymbol-_precsim	\precsim
MnSymbol-_uppropto	\uppropto
MnSymbol-_equalclosed	\equalclosed
MnSymbol-_rightfootline	\rightfootline
MnSymbol-_upvdash	\upvdash
MnSymbol-_equiv	\equiv
MnSymbol-_rightfree	\rightfree
MnSymbol-_upVdash	\upVdash
MnSymbol-_equivclosed	\equivclosed
MnSymbol-_rightmodels	\rightmodels
MnSymbol-_vcrossing	\vcrossing
MnSymbol-_fallingdotseq	\fallingdotseq
MnSymbol-_rightModels	\rightModels
MnSymbol-_Vvdash	\Vvdash
MnSymbol-_napprox	\napprox
MnSymbol-_nleftfootline	\nleftfootline
MnSymbol-_nrisingdotseq	\nrisingdotseq
MnSymbol-_napproxeq	\napproxeq
MnSymbol-_nleftfree	\nleftfree
MnSymbol-_nsefootline	\nsefootline
MnSymbol-_nbackapprox	\nbackapprox
MnSymbol-_nleftmodels	\nleftmodels
MnSymbol-_nsefree	\nsefree
MnSymbol-_nbackapproxeq	\nbackapproxeq
MnSymbol-_nleftModels	\nleftModels
MnSymbol-_nseModels	\nseModels
MnSymbol-_nbackcong	\nbackcong
MnSymbol-_nleftrightline	\nleftrightline
MnSymbol-_nsemodels	\nsemodels
MnSymbol-_nbackeqsim	\nbackeqsim
MnSymbol-_nLeftrightline	\nLeftrightline
MnSymbol-_nsevdash	\nsevdash
MnSymbol-_nbacksim	\nbacksim
MnSymbol-_nleftvdash	\nleftvdash
MnSymbol-_nseVdash	\nseVdash
MnSymbol-_nbacksimeq	\nbacksimeq
MnSymbol-_nleftVdash	\nleftVdash
MnSymbol-_nshortmid	\nshortmid
MnSymbol-_nbacktriplesim	\nbacktriplesim
MnSymbol-_nnefootline	\nnefootline
MnSymbol-_nshortparallel	\nshortparallel
MnSymbol-_nbumpeq	\nbumpeq
MnSymbol-_nnefree	\nnefree
MnSymbol-_nsim	\nsim
MnSymbol-_nBumpeq	\nBumpeq
MnSymbol-_nnemodels	\nnemodels
MnSymbol-_nsimeq	\nsimeq
MnSymbol-_ncirceq	\ncirceq
MnSymbol-_nneModels	\nneModels
MnSymbol-_nsucc	\nsucc
MnSymbol-_nclosedequal	\nclosedequal
MnSymbol-_nneswline	\nneswline
MnSymbol-_nsuccapprox	\nsuccapprox
MnSymbol-_ncong	\ncong
MnSymbol-_nNeswline	\nNeswline
MnSymbol-_nsucccurlyeq	\nsucccurlyeq
MnSymbol-_ncurlyeqprec	\ncurlyeqprec
MnSymbol-_nneVdash	\nneVdash
MnSymbol-_nsucceq	\nsucceq
MnSymbol-_ncurlyeqsucc	\ncurlyeqsucc
MnSymbol-_nnevdash	\nnevdash
MnSymbol-_nsuccsim	\nsuccsim
MnSymbol-_ndoteq	\ndoteq
MnSymbol-_nnwfootline	\nnwfootline
MnSymbol-_nswfootline	\nswfootline
MnSymbol-_nDoteq	\nDoteq
MnSymbol-_nnwfree	\nnwfree
MnSymbol-_nswfree	\nswfree
MnSymbol-_ndownfootline	\ndownfootline
MnSymbol-_nnwmodels	\nnwmodels
MnSymbol-_nswModels	\nswModels
MnSymbol-_ndownfree	\ndownfree
MnSymbol-_nnwModels	\nnwModels
MnSymbol-_nswmodels	\nswmodels
MnSymbol-_ndownModels	\ndownModels
MnSymbol-_nNwseline	\nNwseline
MnSymbol-_nswvdash	\nswvdash
MnSymbol-_ndownmodels	\ndownmodels
MnSymbol-_nnwseline	\nnwseline
MnSymbol-_nswVdash	\nswVdash
MnSymbol-_ndownVdash	\ndownVdash
MnSymbol-_nnwvdash	\nnwvdash
MnSymbol-_ntriplesim	\ntriplesim
MnSymbol-_ndownvdash	\ndownvdash
MnSymbol-_nnwVdash	\nnwVdash
MnSymbol-_nUpdownline	\nUpdownline
MnSymbol-_neqbump	\neqbump
MnSymbol-_nprec	\nprec
MnSymbol-_nupdownline	\nupdownline
MnSymbol-_neqcirc	\neqcirc
MnSymbol-_nprecapprox	\nprecapprox
MnSymbol-_nupfootline	\nupfootline
MnSymbol-_neqdot	\neqdot
MnSymbol-_npreccurlyeq	\npreccurlyeq
MnSymbol-_nupfree	\nupfree
MnSymbol-_neqsim	\neqsim
MnSymbol-_npreceq	\npreceq
MnSymbol-_nupModels	\nupModels
MnSymbol-_nequal	\nequal
MnSymbol-_nprecsim	\nprecsim
MnSymbol-_nupmodels	\nupmodels
MnSymbol-_nequalclosed	\nequalclosed
MnSymbol-_nrightfootline	\nrightfootline
MnSymbol-_nupVdash	\nupVdash
MnSymbol-_nequiv	\nequiv
MnSymbol-_nrightfree	\nrightfree
MnSymbol-_nupvdash	\nupvdash
MnSymbol-_nequivclosed	\nequivclosed
MnSymbol-_nrightModels	\nrightModels
MnSymbol-_precnapprox	\precnapprox
MnSymbol-_neswcrossing	\neswcrossing
MnSymbol-_nrightmodels	\nrightmodels
MnSymbol-_precnsim	\precnsim
MnSymbol-_nfallingdotseq	\nfallingdotseq
MnSymbol-_nrightvdash	\nrightvdash
MnSymbol-_succnapprox	\succnapprox
MnSymbol-_nhateq	\nhateq
MnSymbol-_nrightVdash	\nrightVdash
MnSymbol-_succnsim	\succnsim
fdsymbol-_approx	\approx
fdsymbol-_equiv	\equiv
fdsymbol-_rightmodels	\rightmodels
fdsymbol-_approxeq	\approxeq
fdsymbol-_fallingdotseq	\fallingdotseq
fdsymbol-_rightVdash	\rightVdash
fdsymbol-_backcong	\backcong
fdsymbol-_frown	\frown
fdsymbol-_rightVDash	\rightVDash
fdsymbol-_backpropto	\backpropto
fdsymbol-_frowneq	\frowneq
fdsymbol-_rightvdash	\rightvdash
fdsymbol-_backsim	\backsim
fdsymbol-_frownsmile	\frownsmile
fdsymbol-_rightvDash	\rightvDash
fdsymbol-_backsimeq	\backsimeq
fdsymbol-_in	\in
fdsymbol-_risingdotseq	\risingdotseq
fdsymbol-_between	\between
fdsymbol-_leftassert	\leftassert
fdsymbol-_shortmid	\shortmid
fdsymbol-_leftAssert	\leftAssert
fdsymbol-_shortparallel	\shortparallel
fdsymbol-_bumpeq	\bumpeq
fdsymbol-_leftfootline	\leftfootline
fdsymbol-_sim	\sim
fdsymbol-_Bumpeq	\Bumpeq
fdsymbol-_leftmodels	\leftmodels
fdsymbol-_simeq	\simeq
fdsymbol-_bumpeqq	\bumpeqq
fdsymbol-_leftvdash	\leftvdash
fdsymbol-_smile	\smile
fdsymbol-_circeq	\circeq
fdsymbol-_leftvDash	\leftvDash
fdsymbol-_smileeq	\smileeq
fdsymbol-_coloneq	\coloneq
fdsymbol-_leftVdash	\leftVdash
fdsymbol-_smilefrown	\smilefrown
fdsymbol-_cong	\cong
fdsymbol-_leftVDash	\leftVDash
fdsymbol-_stareq	\stareq
fdsymbol-_crossing	\crossing
fdsymbol-_longleftfootline	\longleftfootline
fdsymbol-_succ	\succ
fdsymbol-_curlyeqprec	\curlyeqprec
fdsymbol-_Longmapsfrom	\Longmapsfrom
fdsymbol-_succapprox	\succapprox
fdsymbol-_curlyeqsucc	\curlyeqsucc
fdsymbol-_longmapsfrom	\longmapsfrom
fdsymbol-_succcurlyeq	\succcurlyeq
fdsymbol-_dashVv	\dashVv
fdsymbol-_longrightfootline	\longrightfootline
fdsymbol-_succeq	\succeq
fdsymbol-_Ddashv	\Ddashv
fdsymbol-_mid	\mid
fdsymbol-_succeqq	\succeqq
fdsymbol-_dotcong	\dotcong
fdsymbol-_owns	\owns
fdsymbol-_succsim	\succsim
fdsymbol-_doteq	\doteq
fdsymbol-_parallel	\parallel
fdsymbol-_thickapprox	\thickapprox
fdsymbol-_Doteq	\Doteq
fdsymbol-_prec	\prec
fdsymbol-_thicksim	\thicksim
fdsymbol-_dotsminusdots	\dotsminusdots
fdsymbol-_precapprox	\precapprox
fdsymbol-_triplesim	\triplesim
fdsymbol-_downAssert	\downAssert
fdsymbol-_preccurlyeq	\preccurlyeq
fdsymbol-_upassert	\upassert
fdsymbol-_downassert	\downassert
fdsymbol-_preceq	\preceq
fdsymbol-_upAssert	\upAssert
fdsymbol-_downmodels	\downmodels
fdsymbol-_preceqq	\preceqq
fdsymbol-_upmodels	\upmodels
fdsymbol-_downvDash	\downvDash
fdsymbol-_precnapprox	\precnapprox
fdsymbol-_upvdash	\upvdash
fdsymbol-_downVdash	\downVdash
fdsymbol-_upvDash	\upvDash
fdsymbol-_downvdash	\downvdash
fdsymbol-_upVdash	\upVdash
fdsymbol-_downVDash	\downVDash
fdsymbol-_precnsim	\precnsim
fdsymbol-_upVDash	\upVDash
fdsymbol-_eqcirc	\eqcirc
fdsymbol-_precsim	\precsim
fdsymbol-_vDdash	\vDdash
fdsymbol-_eqcolon	\eqcolon
fdsymbol-_propto	\propto
fdsymbol-_veeeq	\veeeq
fdsymbol-_eqdot	\eqdot
fdsymbol-_rightassert	\rightassert
fdsymbol-_Vvdash	\Vvdash
fdsymbol-_eqsim	\eqsim
fdsymbol-_rightAssert	\rightAssert
fdsymbol-_wedgeq	\wedgeq
fdsymbol-_equal	\equal
fdsymbol-_rightfootline	\rightfootline
fdsymbol-_backsimneqq	\backsimneqq
fdsymbol-_nin	\nin
fdsymbol-_nsim	\nsim
fdsymbol-_napprox	\napprox
fdsymbol-_nleftAssert	\nleftAssert
fdsymbol-_nsimeq	\nsimeq
fdsymbol-_napproxeq	\napproxeq
fdsymbol-_nleftassert	\nleftassert
fdsymbol-_nsmile	\nsmile
fdsymbol-_nbackcong	\nbackcong
fdsymbol-_nleftfootline	\nleftfootline
fdsymbol-_nsmileeq	\nsmileeq
fdsymbol-_nbacksim	\nbacksim
fdsymbol-_nleftmodels	\nleftmodels
fdsymbol-_nsmilefrown	\nsmilefrown
fdsymbol-_nbacksimeq	\nbacksimeq
fdsymbol-_nleftvDash	\nleftvDash
fdsymbol-_nstareq	\nstareq
fdsymbol-_nbumpeq	\nbumpeq
fdsymbol-_nleftvdash	\nleftvdash
fdsymbol-_nsucc	\nsucc
fdsymbol-_nBumpeq	\nBumpeq
fdsymbol-_nleftVdash	\nleftVdash
fdsymbol-_nsuccapprox	\nsuccapprox
fdsymbol-_nbumpeqq	\nbumpeqq
fdsymbol-_nleftVDash	\nleftVDash
fdsymbol-_nsucccurlyeq	\nsucccurlyeq
fdsymbol-_ncirceq	\ncirceq
fdsymbol-_nlongleftfootline	\nlongleftfootline
fdsymbol-_nsucceq	\nsucceq
fdsymbol-_ncong	\ncong
fdsymbol-_nLongmapsfrom	\nLongmapsfrom
fdsymbol-_nsucceqq	\nsucceqq
fdsymbol-_ncurlyeqprec	\ncurlyeqprec
fdsymbol-_nlongmapsfrom	\nlongmapsfrom
fdsymbol-_nsuccsim	\nsuccsim
fdsymbol-_ncurlyeqsucc	\ncurlyeqsucc
fdsymbol-_nlongrightfootline	\nlongrightfootline
fdsymbol-_ntriplesim	\ntriplesim
fdsymbol-_ndashVv	\ndashVv
fdsymbol-_nmid	\nmid
fdsymbol-_nupassert	\nupassert
fdsymbol-_nDdashv	\nDdashv
fdsymbol-_nowns	\nowns
fdsymbol-_nupAssert	\nupAssert
fdsymbol-_ndoteq	\ndoteq
fdsymbol-_nparallel	\nparallel
fdsymbol-_nupmodels	\nupmodels
fdsymbol-_nDoteq	\nDoteq
fdsymbol-_nprec	\nprec
fdsymbol-_nupVDash	\nupVDash
fdsymbol-_ndownassert	\ndownassert
fdsymbol-_nprecapprox	\nprecapprox
fdsymbol-_nupvDash	\nupvDash
fdsymbol-_ndownAssert	\ndownAssert
fdsymbol-_npreccurlyeq	\npreccurlyeq
fdsymbol-_nupVdash	\nupVdash
fdsymbol-_ndownmodels	\ndownmodels
fdsymbol-_npreceq	\npreceq
fdsymbol-_nupvdash	\nupvdash
fdsymbol-_ndownvdash	\ndownvdash
fdsymbol-_npreceqq	\npreceqq
fdsymbol-_nvDdash	\nvDdash
fdsymbol-_ndownVdash	\ndownVdash
fdsymbol-_nprecsim	\nprecsim
fdsymbol-_nveeeq	\nveeeq
fdsymbol-_ndownVDash	\ndownVDash
fdsymbol-_nrightassert	\nrightassert
fdsymbol-_nVvdash	\nVvdash
fdsymbol-_ndownvDash	\ndownvDash
fdsymbol-_nrightAssert	\nrightAssert
fdsymbol-_nwedgeq	\nwedgeq
fdsymbol-_neqcirc	\neqcirc
fdsymbol-_nrightfootline	\nrightfootline
fdsymbol-_precneq	\precneq
fdsymbol-_neqdot	\neqdot
fdsymbol-_nrightmodels	\nrightmodels
fdsymbol-_precneqq	\precneqq
fdsymbol-_neqsim	\neqsim
fdsymbol-_nrightvdash	\nrightvdash
fdsymbol-_simneqq	\simneqq
fdsymbol-_nequal	\nequal
fdsymbol-_nrightVdash	\nrightVdash
fdsymbol-_succnapprox	\succnapprox
fdsymbol-_nequiv	\nequiv
fdsymbol-_nrightvDash	\nrightvDash
fdsymbol-_succneq	\succneq
fdsymbol-_nfallingdotseq	\nfallingdotseq
fdsymbol-_nrightVDash	\nrightVDash
fdsymbol-_succneqq	\succneqq
fdsymbol-_nfrown	\nfrown
fdsymbol-_nrisingdotseq	\nrisingdotseq
fdsymbol-_succnsim	\succnsim
fdsymbol-_nfrowneq	\nfrowneq
fdsymbol-_nshortmid	\nshortmid
fdsymbol-_nfrownsmile	\nfrownsmile
fdsymbol-_nshortparallel	\nshortparallel
stix-_approx	\approx
stix-_eqvparsl	\eqvparsl
stix-_rightfishtail	\rightfishtail
stix-_approxeq	\approxeq
stix-_fallingdotseq	\fallingdotseq
stix-_rightimply	\rightimply
stix-_approxeqq	\approxeqq
stix-_fbowtie	\fbowtie
stix-_righttail	\righttail
stix-_approxident	\approxident
stix-_forksnot	\forksnot
stix-_risingdotseq	\risingdotseq
stix-_arceq	\arceq
stix-_forkv	\forkv
stix-_rsqhook	\rsqhook
stix-_assert	\assert
stix-_frown	\frown
stix-_ruledelayed	\ruledelayed
stix-_asteq	\asteq
stix-_gleichstark	\gleichstark
stix-_scurel	\scurel
stix-_asymp	\asymp
stix-_hatapprox	\hatapprox
stix-_shortdowntack	\shortdowntack
stix-_backcong	\backcong
stix-_imageof	\imageof
stix-_shortlefttack	\shortlefttack
stix-_backsim	\backsim
stix-_in	\in
stix-_shortmid	\shortmid
stix-_backsimeq	\backsimeq
stix-_isindot	\isindot
stix-_shortparallel	\shortparallel
stix-_bagmember	\bagmember
stix-_isinE	\isinE
stix-_shortuptack	\shortuptack
stix-_Barv	\Barv
stix-_isinobar	\isinobar
stix-_sim	\sim
stix-_barV	\barV
stix-_isins	\isins
stix-_simeq	\simeq
stix-_between	\between
stix-_isinvb	\isinvb
stix-_simminussim	\simminussim
stix-_bNot	\bNot
stix-_kernelcontraction	\kernelcontraction
stix-_simneqq	\simneqq
stix-_bowtie	\bowtie
stix-_leftdbltail	\leftdbltail
stix-_simrdots	\simrdots
stix-_Bumpeq	\Bumpeq
stix-_leftfishtail	\leftfishtail
stix-_smallfrown	\smallfrown
stix-_bumpeq	\bumpeq
stix-_lefttail	\lefttail
stix-_smallin	\smallin
stix-_bumpeqq	\bumpeqq
stix-_lfbowtie	\lfbowtie
stix-_smallni	\smallni
stix-_cirbot	\cirbot
stix-_lftimes	\lftimes
stix-_smallsmile	\smallsmile
stix-_circeq	\circeq
stix-_longdashv	\longdashv
stix-_smeparsl	\smeparsl
stix-_cirmid	\cirmid
stix-_lsqhook	\lsqhook
stix-_smile	\smile
stix-_closure	\closure
stix-_measeq	\measeq
stix-_stareq	\stareq
stix-_Coloneq	\Coloneq
stix-_mid	\mid
stix-_succ	\succ
stix-_coloneq	\coloneq
stix-_midcir	\midcir
stix-_Succ	\Succ
stix-_cong	\cong
stix-_mlcp	\mlcp
stix-_succapprox	\succapprox
stix-_congdot	\congdot
stix-_models	\models
stix-_succcurlyeq	\succcurlyeq
stix-_curlyeqprec	\curlyeqprec
stix-_multimap	\multimap
stix-_succeq	\succeq
stix-_curlyeqsucc	\curlyeqsucc
stix-_multimapinv	\multimapinv
stix-_succeqq	\succeqq
stix-_dashcolon	\dashcolon
stix-_ni	\ni
stix-_succnapprox	\succnapprox
stix-_dashv	\dashv
stix-_niobar	\niobar
stix-_succneq	\succneq
stix-_dashV	\dashV
stix-_nis	\nis
stix-_succneqq	\succneqq
stix-_Dashv	\Dashv
stix-_nisd	\nisd
stix-_succnsim	\succnsim
stix-_DashV	\DashV
stix-_Not	\Not
stix-_succsim	\succsim
stix-_DashVDash	\DashVDash
stix-_notchar	\notchar
stix-_thickapprox	\thickapprox
stix-_dashVdash	\dashVdash
stix-_origof	\origof
stix-_thicksim	\thicksim
stix-_ddotseq	\ddotseq
stix-_parallel	\parallel
stix-_topfork	\topfork
stix-_disin	\disin
stix-_parsim	\parsim
stix-_upfishtail	\upfishtail
stix-_Doteq	\Doteq
stix-_perp	\perp
stix-_upin	\upin
stix-_doteq	\doteq
stix-_pitchfork	\pitchfork
stix-_varisinobar	\varisinobar
stix-_dotequiv	\dotequiv
stix-_prec	\prec
stix-_varisins	\varisins
stix-_dotsim	\dotsim
stix-_Prec	\Prec
stix-_varniobar	\varniobar
stix-_dotsminusdots	\dotsminusdots
stix-_precapprox	\precapprox
stix-_varnis	\varnis
stix-_downfishtail	\downfishtail
stix-_preccurlyeq	\preccurlyeq
stix-_varpropto	\varpropto
stix-_dualmap	\dualmap
stix-_preceq	\preceq
stix-_varVdash	\varVdash
stix-_eparsl	\eparsl
stix-_preceqq	\preceqq
stix-_vBar	\vBar
stix-_eqcirc	\eqcirc
stix-_precnapprox	\precnapprox
stix-_Vbar	\Vbar
stix-_eqcolon	\eqcolon
stix-_precneq	\precneq
stix-_vBarv	\vBarv
stix-_eqdef	\eqdef
stix-_precneqq	\precneqq
stix-_Vdash	\Vdash
stix-_eqdot	\eqdot
stix-_precnsim	\precnsim
stix-_vdash	\vdash
stix-_eqeq	\eqeq
stix-_precsim	\precsim
stix-_vDash	\vDash
stix-_eqeqeq	\eqeqeq
stix-_propto	\propto
stix-_VDash	\VDash
stix-_eqqsim	\eqqsim
stix-_prurel	\prurel
stix-_vDdash	\vDdash
stix-_eqsim	\eqsim
stix-_pullback	\pullback
stix-_vdots	\vdots
stix-_equalparallel	\equalparallel
stix-_pushout	\pushout
stix-_veeeq	\veeeq
stix-_equiv	\equiv
stix-_questeq	\questeq
stix-_veeonwedge	\veeonwedge
stix-_Equiv	\Equiv
stix-_revnmid	\revnmid
stix-_vertoverlay	\vertoverlay
stix-_equivDD	\equivDD
stix-_rfbowtie	\rfbowtie
stix-_vlongdash	\vlongdash
stix-_equivVert	\equivVert
stix-_rftimes	\rftimes
stix-_Vvdash	\Vvdash
stix-_equivVvert	\equivVvert
stix-_rightdbltail	\rightdbltail
stix-_wedgeq	\wedgeq
logix-_ClsEquv	\ClsEquv
logix-_NotClsEquv	\NotClsEquv
logix-_NotPre	\NotPre
logix-_Pre	\Pre
logix-_ClsImpl	\ClsImpl
logix-_NotClsImpl	\NotClsImpl
logix-_NotPreq	\NotPreq
logix-_Preq	\Preq
logix-_Conseq	\Conseq
logix-_NotConseq	\NotConseq
logix-_NotRule	\NotRule
logix-_Rule	\Rule
logix-_DTrpTurn	\DTrpTurn
logix-_NotDTrpTurn	\NotDTrpTurn
logix-_NotSeq	\NotSeq
logix-_Seq	\Seq
logix-_DTurnDWavy	\DTurnDWavy
logix-_NotDTurnDWavy	\NotDTurnDWavy
logix-_NotSuc	\NotSuc
logix-_Suc	\Suc
logix-_DTurnWavy	\DTurnWavy
logix-_NotDTurnWavy	\NotDTurnWavy
logix-_NotSucq	\NotSucq
logix-_Sucq	\Sucq
logix-_Model	\Model
logix-_NotModel	\NotModel
logix-_NotTrpTurn	\NotTrpTurn
logix-_TrpTurn	\TrpTurn
logix-_MulMap	\MulMap
logix-_NotMulMap	\NotMulMap
logix-_NotTurn	\NotTurn
logix-_Turn	\Turn
logix-_MulMapDual	\MulMapDual
logix-_NotMulMapDual	\NotMulMapDual
logix-_NotTurnDWavy	\NotTurnDWavy
logix-_TurnDWavy	\TurnDWavy
logix-_MulMapInv	\MulMapInv
logix-_NotMulMapInv	\NotMulMapInv
logix-_NotTurnWavy	\NotTurnWavy
logix-_TurnWavy	\TurnWavy
mathabx-_nsqsubset	\nsqsubset
mathabx-_nsupset	\nsupset
mathabx-_sqsupseteq	\sqsupseteq
mathabx-_supseteq	\supseteq
mathabx-_nsqSubset	\nsqSubset
mathabx-_nSupset	\nSupset
mathabx-_sqsupseteqq	\sqsupseteqq
mathabx-_supseteqq	\supseteqq
mathabx-_nsqsubseteq	\nsqsubseteq
mathabx-_nsupseteq	\nsupseteq
mathabx-_sqsupsetneq	\sqsupsetneq
mathabx-_supsetneq	\supsetneq
mathabx-_nsqsubseteqq	\nsqsubseteqq
mathabx-_nsupseteqq	\nsupseteqq
mathabx-_sqsupsetneqq	\sqsupsetneqq
mathabx-_supsetneqq	\supsetneqq
mathabx-_nsqsupset	\nsqsupset
mathabx-_sqsubset	\sqsubset
mathabx-_subset	\subset
mathabx-_varsqsubsetneq	\varsqsubsetneq
mathabx-_nsqSupset	\nsqSupset
mathabx-_sqSubset	\sqSubset
mathabx-_Subset	\Subset
mathabx-_varsqsubsetneqq	\varsqsubsetneqq
mathabx-_nsqsupseteq	\nsqsupseteq
mathabx-_sqsubseteq	\sqsubseteq
mathabx-_subseteq	\subseteq
mathabx-_varsqsupsetneq	\varsqsupsetneq
mathabx-_nsqsupseteqq	\nsqsupseteqq
mathabx-_sqsubseteqq	\sqsubseteqq
mathabx-_subseteqq	\subseteqq
mathabx-_varsqsupsetneqq	\varsqsupsetneqq
mathabx-_nsubset	\nsubset
mathabx-_sqsubsetneq	\sqsubsetneq
mathabx-_subsetneq	\subsetneq
mathabx-_varsubsetneq	\varsubsetneq
mathabx-_nSubset	\nSubset
mathabx-_sqsubsetneqq	\sqsubsetneqq
mathabx-_subsetneqq	\subsetneqq
mathabx-_varsubsetneqq	\varsubsetneqq
mathabx-_nsubseteq	\nsubseteq
mathabx-_sqSupset	\sqSupset
mathabx-_supset	\supset
mathabx-_varsupsetneq	\varsupsetneq
mathabx-_nsubseteqq	\nsubseteqq
mathabx-_sqsupset	\sqsupset
mathabx-_Supset	\Supset
mathabx-_varsupsetneqq	\varsupsetneqq
stix-_bsolhsub	\bsolhsub
stix-_sqsupseteq	\sqsupseteq
stix-_suphsub	\suphsub
stix-_csub	\csub
stix-_sqsupsetneq	\sqsupsetneq
stix-_suplarr	\suplarr
stix-_csube	\csube
stix-_subedot	\subedot
stix-_supmult	\supmult
stix-_csup	\csup
stix-_submult	\submult
stix-_Supset	\Supset
stix-_csupe	\csupe
stix-_subrarr	\subrarr
stix-_supset	\supset
stix-_leftarrowsubset	\leftarrowsubset
stix-_Subset	\Subset
stix-_supsetapprox	\supsetapprox
stix-_nsqsubset	\nsqsubset
stix-_subset	\subset
stix-_supsetcirc	\supsetcirc
stix-_nsqsubseteq	\nsqsubseteq
stix-_subsetapprox	\subsetapprox
stix-_supsetdot	\supsetdot
stix-_nsqsupset	\nsqsupset
stix-_subsetcirc	\subsetcirc
stix-_supseteq	\supseteq
stix-_nsqsupseteq	\nsqsupseteq
stix-_subsetdot	\subsetdot
stix-_supseteqq	\supseteqq
stix-_nsubset	\nsubset
stix-_subseteq	\subseteq
stix-_supsetneq	\supsetneq
stix-_nsubseteq	\nsubseteq
stix-_subseteqq	\subseteqq
stix-_supsetneqq	\supsetneqq
stix-_nsubseteqq	\nsubseteqq
stix-_subsetneq	\subsetneq
stix-_supsetplus	\supsetplus
stix-_nsupset	\nsupset
stix-_subsetneqq	\subsetneqq
stix-_supsim	\supsim
stix-_nsupseteq	\nsupseteq
stix-_subsetplus	\subsetplus
stix-_supsub	\supsub
stix-_nsupseteqq	\nsupseteqq
stix-_subsim	\subsim
stix-_supsup	\supsup
stix-_rightarrowsupset	\rightarrowsupset
stix-_subsub	\subsub
stix-_varsubsetneq	\varsubsetneq
stix-_sqsubset	\sqsubset
stix-_subsup	\subsup
stix-_varsubsetneqq	\varsubsetneqq
stix-_sqsubseteq	\sqsubseteq
stix-_supdsub	\supdsub
stix-_varsupsetneq	\varsupsetneq
stix-_sqsubsetneq	\sqsubsetneq
stix-_supedot	\supedot
stix-_varsupsetneqq	\varsupsetneqq
stix-_sqsupset	\sqsupset
stix-_suphsol	\suphsol
MnSymbol-_eqslantgtr	\eqslantgtr
MnSymbol-_gtreqqless	\gtreqqless
MnSymbol-_lesssim	\lesssim
MnSymbol-_ngtreqless	\ngtreqless
MnSymbol-_eqslantless	\eqslantless
MnSymbol-_gtrless	\gtrless
MnSymbol-_ll	\ll
MnSymbol-_ngtreqlessslant	\ngtreqlessslant
MnSymbol-_geq	\geq
MnSymbol-_gtrneqqless	\gtrneqqless
MnSymbol-_lll	\lll
MnSymbol-_ngtreqqless	\ngtreqqless
MnSymbol-_geqclosed	\geqclosed
MnSymbol-_gtrsim	\gtrsim
MnSymbol-_lnapprox	\lnapprox
MnSymbol-_ngtrless	\ngtrless
MnSymbol-_geqdot	\geqdot
MnSymbol-_leq	\leq
MnSymbol-_lneqq	\lneqq
MnSymbol-_nleq	\nleq
MnSymbol-_geqq	\geqq
MnSymbol-_leqclosed	\leqclosed
MnSymbol-_lnsim	\lnsim
MnSymbol-_nleqclosed	\nleqclosed
MnSymbol-_geqslant	\geqslant
MnSymbol-_leqdot	\leqdot
MnSymbol-_neqslantgtr	\neqslantgtr
MnSymbol-_nleqdot	\nleqdot
MnSymbol-_geqslantdot	\geqslantdot
MnSymbol-_leqq	\leqq
MnSymbol-_neqslantless	\neqslantless
MnSymbol-_nleqq	\nleqq
MnSymbol-_gg	\gg
MnSymbol-_leqslant	\leqslant
MnSymbol-_ngeq	\ngeq
MnSymbol-_nleqslant	\nleqslant
MnSymbol-_ggg	\ggg
MnSymbol-_leqslantdot	\leqslantdot
MnSymbol-_ngeqclosed	\ngeqclosed
MnSymbol-_nleqslantdot	\nleqslantdot
MnSymbol-_gnapprox	\gnapprox
MnSymbol-_less	\less
MnSymbol-_ngeqdot	\ngeqdot
MnSymbol-_nless	\nless
MnSymbol-_gneqq	\gneqq
MnSymbol-_lessapprox	\lessapprox
MnSymbol-_ngeqq	\ngeqq
MnSymbol-_nlessclosed	\nlessclosed
MnSymbol-_gnsim	\gnsim
MnSymbol-_lessclosed	\lessclosed
MnSymbol-_ngeqslant	\ngeqslant
MnSymbol-_nlessdot	\nlessdot
MnSymbol-_gtr	\gtr
MnSymbol-_lessdot	\lessdot
MnSymbol-_ngeqslantdot	\ngeqslantdot
MnSymbol-_nlesseqgtr	\nlesseqgtr
MnSymbol-_gtrapprox	\gtrapprox
MnSymbol-_lesseqgtr	\lesseqgtr
MnSymbol-_ngg	\ngg
MnSymbol-_nlesseqgtrslant	\nlesseqgtrslant
MnSymbol-_gtrclosed	\gtrclosed
MnSymbol-_lesseqgtrslant	\lesseqgtrslant
MnSymbol-_nggg	\nggg
MnSymbol-_nlesseqqgtr	\nlesseqqgtr
MnSymbol-_gtrdot	\gtrdot
MnSymbol-_lesseqqgtr	\lesseqqgtr
MnSymbol-_ngtr	\ngtr
MnSymbol-_nlessgtr	\nlessgtr
MnSymbol-_gtreqless	\gtreqless
MnSymbol-_lessgtr	\lessgtr
MnSymbol-_ngtrclosed	\ngtrclosed
MnSymbol-_nll	\nll
MnSymbol-_gtreqlessslant	\gtreqlessslant
MnSymbol-_lessneqqgtr	\lessneqqgtr
MnSymbol-_ngtrdot	\ngtrdot
MnSymbol-_nlll	\nlll
stix-_egsdot	\egsdot
stix-_elsdot	\elsdot
stix-_eqgtr	\eqgtr
stix-_eqless	\eqless
stix-_eqqgtr	\eqqgtr
stix-_gtquest	\gtquest
stix-_lnsim	\lnsim
stix-_gtrapprox	\gtrapprox
stix-_lsime	\lsime
stix-_gtrarr	\gtrarr
stix-_lsimg	\lsimg
stix-_gtrdot	\gtrdot
stix-_Lt	\Lt
stix-_gtreqless	\gtreqless
stix-_ltcc	\ltcc
stix-_eqqless	\eqqless
stix-_gtreqqless	\gtreqqless
stix-_ltcir	\ltcir
stix-_eqqslantgtr	\eqqslantgtr
stix-_gtrless	\gtrless
stix-_ltlarr	\ltlarr
stix-_eqqslantless	\eqqslantless
stix-_gtrsim	\gtrsim
stix-_ltquest	\ltquest
stix-_eqslantgtr	\eqslantgtr
stix-_gvertneqq	\gvertneqq
stix-_lvertneqq	\lvertneqq
stix-_eqslantless	\eqslantless
stix-_lat	\lat
stix-_neqslantgtr	\neqslantgtr
stix-_geq	\geq
stix-_late	\late
stix-_neqslantless	\neqslantless
stix-_geqq	\geqq
stix-_leftarrowless	\leftarrowless
stix-_ngeq	\ngeq
stix-_geqqslant	\geqqslant
stix-_leq	\leq
stix-_ngeqq	\ngeqq
stix-_geqslant	\geqslant
stix-_leqq	\leqq
stix-_ngeqslant	\ngeqslant
stix-_gescc	\gescc
stix-_leqqslant	\leqqslant
stix-_ngg	\ngg
stix-_gesdot	\gesdot
stix-_leqslant	\leqslant
stix-_ngtr	\ngtr
stix-_gesdoto	\gesdoto
stix-_lescc	\lescc
stix-_ngtrless	\ngtrless
stix-_gesdotol	\gesdotol
stix-_lesdot	\lesdot
stix-_ngtrsim	\ngtrsim
stix-_gesles	\gesles
stix-_lesdoto	\lesdoto
stix-_nleq	\nleq
stix-_gg	\gg
stix-_lesdotor	\lesdotor
stix-_nleqq	\nleqq
stix-_ggg	\ggg
stix-_lesges	\lesges
stix-_nleqslant	\nleqslant
stix-_gggnest	\gggnest
stix-_lessapprox	\lessapprox
stix-_nless	\nless
stix-_gla	\gla
stix-_lessdot	\lessdot
stix-_nlessgtr	\nlessgtr
stix-_glE	\glE
stix-_lesseqgtr	\lesseqgtr
stix-_nlesssim	\nlesssim
stix-_glj	\glj
stix-_lesseqqgtr	\lesseqqgtr
stix-_nll	\nll
stix-_gnapprox	\gnapprox
stix-_lessgtr	\lessgtr
stix-_partialmeetcontraction	\partialmeetcontraction
stix-_gneq	\gneq
stix-_lesssim	\lesssim
stix-_rightarrowgtr	\rightarrowgtr
stix-_gneqq	\gneqq
stix-_lgE	\lgE
stix-_simgE	\simgE
stix-_gnsim	\gnsim
stix-_ll	\ll
stix-_simgtr	\simgtr
stix-_gsime	\gsime
stix-_lll	\lll
stix-_simlE	\simlE
stix-_gsiml	\gsiml
stix-_lllnest	\lllnest
stix-_simless	\simless
stix-_Gt	\Gt
stix-_lnapprox	\lnapprox
stix-_smt	\smt
stix-_gtcc	\gtcc
stix-_lneq	\lneq
stix-_smte	\smte
stix-_gtcir	\gtcir
stix-_lneqq	\lneqq
txfonts-_boxdotLeft	\boxdotLeft
txfonts-_circleddotright	\circleddotright
txfonts-_Diamondleft	\Diamondleft
txfonts-_boxdotleft	\boxdotleft
txfonts-_circleleft	\circleleft
txfonts-_Diamondright	\Diamondright
txfonts-_boxdotright	\boxdotright
txfonts-_circleright	\circleright
txfonts-_DiamondRight	\DiamondRight
txfonts-_boxdotRight	\boxdotRight
txfonts-_dashleftrightarrow	\dashleftrightarrow
txfonts-_leftsquigarrow	\leftsquigarrow
txfonts-_boxLeft	\boxLeft
txfonts-_DiamonddotLeft	\DiamonddotLeft
txfonts-_Nearrow	\Nearrow
txfonts-_boxleft	\boxleft
txfonts-_Diamonddotleft	\Diamonddotleft
txfonts-_Nwarrow	\Nwarrow
txfonts-_boxright	\boxright
txfonts-_Diamonddotright	\Diamonddotright
txfonts-_Rrightarrow	\Rrightarrow
txfonts-_boxRight	\boxRight
txfonts-_DiamonddotRight	\DiamonddotRight
txfonts-_Searrow	\Searrow
txfonts-_circleddotleft	\circleddotleft
txfonts-_DiamondLeft	\DiamondLeft
txfonts-_Swarrow	\Swarrow
mathabx-_circlearrowleft	\circlearrowleft
mathabx-_leftarrow	\leftarrow
mathabx-_nwarrow	\nwarrow
mathabx-_circlearrowright	\circlearrowright
mathabx-_leftleftarrows	\leftleftarrows
mathabx-_restriction	\restriction
mathabx-_curvearrowbotleft	\curvearrowbotleft
mathabx-_leftrightarrow	\leftrightarrow
mathabx-_rightarrow	\rightarrow
mathabx-_curvearrowbotleftright	\curvearrowbotleftright
mathabx-_leftrightarrows	\leftrightarrows
mathabx-_rightleftarrows	\rightleftarrows
mathabx-_curvearrowbotright	\curvearrowbotright
mathabx-_leftrightsquigarrow	\leftrightsquigarrow
mathabx-_rightrightarrows	\rightrightarrows
mathabx-_curvearrowleft	\curvearrowleft
mathabx-_leftsquigarrow	\leftsquigarrow
mathabx-_rightsquigarrow	\rightsquigarrow
mathabx-_curvearrowleftright	\curvearrowleftright
mathabx-_lefttorightarrow	\lefttorightarrow
mathabx-_righttoleftarrow	\righttoleftarrow
mathabx-_curvearrowright	\curvearrowright
mathabx-_looparrowdownleft	\looparrowdownleft
mathabx-_Rsh	\Rsh
mathabx-_dlsh	\dlsh
mathabx-_looparrowdownright	\looparrowdownright
mathabx-_searrow	\searrow
mathabx-_downdownarrows	\downdownarrows
mathabx-_looparrowleft	\looparrowleft
mathabx-_swarrow	\swarrow
mathabx-_downtouparrow	\downtouparrow
mathabx-_looparrowright	\looparrowright
mathabx-_updownarrows	\updownarrows
mathabx-_downuparrows	\downuparrows
mathabx-_Lsh	\Lsh
mathabx-_uptodownarrow	\uptodownarrow
mathabx-_drsh	\drsh
mathabx-_nearrow	\nearrow
mathabx-_upuparrows	\upuparrows
mathabx-_nLeftarrow	\nLeftarrow
mathabx-_nleftrightarrow	\nleftrightarrow
mathabx-_nrightarrow	\nrightarrow
mathabx-_nleftarrow	\nleftarrow
mathabx-_nLeftrightarrow	\nLeftrightarrow
mathabx-_nRightarrow	\nRightarrow
mathabx-_barleftharpoon	\barleftharpoon
mathabx-_leftharpoonup	\leftharpoonup
mathabx-_rightleftharpoons	\rightleftharpoons
mathabx-_barrightharpoon	\barrightharpoon
mathabx-_leftleftharpoons	\leftleftharpoons
mathabx-_rightrightharpoons	\rightrightharpoons
mathabx-_downdownharpoons	\downdownharpoons
mathabx-_leftrightharpoon	\leftrightharpoon
mathabx-_updownharpoons	\updownharpoons
mathabx-_downharpoonleft	\downharpoonleft
mathabx-_leftrightharpoons	\leftrightharpoons
mathabx-_upharpoonleft	\upharpoonleft
mathabx-_downharpoonright	\downharpoonright
mathabx-_rightbarharpoon	\rightbarharpoon
mathabx-_upharpoonright	\upharpoonright
mathabx-_downupharpoons	\downupharpoons
mathabx-_rightharpoondown	\rightharpoondown
mathabx-_upupharpoons	\upupharpoons
mathabx-_leftbarharpoon	\leftbarharpoon
mathabx-_rightharpoonup	\rightharpoonup
mathabx-_leftharpoondown	\leftharpoondown
mathabx-_rightleftharpoon	\rightleftharpoon
MnSymbol-_curvearrowdownup	\curvearrowdownup
MnSymbol-_longleftarrow	\longleftarrow
MnSymbol-_curvearrowleftright	\curvearrowleftright
MnSymbol-_Longleftarrow	\Longleftarrow
MnSymbol-_curvearrownesw	\curvearrownesw
MnSymbol-_longleftrightarrow	\longleftrightarrow
MnSymbol-_curvearrownwse	\curvearrownwse
MnSymbol-_Longleftrightarrow	\Longleftrightarrow
MnSymbol-_curvearrowrightleft	\curvearrowrightleft
MnSymbol-_longmapsto	\longmapsto
MnSymbol-_curvearrowsenw	\curvearrowsenw
MnSymbol-_longrightarrow	\longrightarrow
MnSymbol-_curvearrowswne	\curvearrowswne
MnSymbol-_Longrightarrow	\Longrightarrow
MnSymbol-_curvearrowupdown	\curvearrowupdown
MnSymbol-_looparrowleft	\looparrowleft
MnSymbol-_dasheddownarrow	\dasheddownarrow
MnSymbol-_looparrowright	\looparrowright
MnSymbol-_dashedleftarrow	\dashedleftarrow
MnSymbol-_Lsh	\Lsh
MnSymbol-_dashednearrow	\dashednearrow
MnSymbol-_nearrow	\nearrow
MnSymbol-_dashednwarrow	\dashednwarrow
MnSymbol-_Nearrow	\Nearrow
MnSymbol-_dashedrightarrow	\dashedrightarrow
MnSymbol-_nearrowtail	\nearrowtail
MnSymbol-_dashedsearrow	\dashedsearrow
MnSymbol-_nelsquigarrow	\nelsquigarrow
MnSymbol-_dashedswarrow	\dashedswarrow
MnSymbol-_nemapsto	\nemapsto
MnSymbol-_dasheduparrow	\dasheduparrow
MnSymbol-_nenearrows	\nenearrows
MnSymbol-_Downarrow	\Downarrow
MnSymbol-_nersquigarrow	\nersquigarrow
MnSymbol-_downarrow	\downarrow
MnSymbol-_neswarrow	\neswarrow
MnSymbol-_downarrowtail	\downarrowtail
MnSymbol-_Neswarrow	\Neswarrow
MnSymbol-_downdownarrows	\downdownarrows
MnSymbol-_neswarrows	\neswarrows
MnSymbol-_downlsquigarrow	\downlsquigarrow
MnSymbol-_nwarrow	\nwarrow
MnSymbol-_downmapsto	\downmapsto
MnSymbol-_Nwarrow	\Nwarrow
MnSymbol-_rhookswarrow	\rhookswarrow
MnSymbol-_rhookuparrow	\rhookuparrow
MnSymbol-_rightarrow	\rightarrow
MnSymbol-_Rightarrow	\Rightarrow
MnSymbol-_rightarrowtail	\rightarrowtail
MnSymbol-_rightleftarrows	\rightleftarrows
MnSymbol-_rightlsquigarrow	\rightlsquigarrow
MnSymbol-_rightmapsto	\rightmapsto
MnSymbol-_rightrightarrows	\rightrightarrows
MnSymbol-_rightrsquigarrow	\rightrsquigarrow
MnSymbol-_Rrightarrow	\Rrightarrow
MnSymbol-_Rsh	\Rsh
MnSymbol-_searrow	\searrow
MnSymbol-_Searrow	\Searrow
MnSymbol-_searrowtail	\searrowtail
MnSymbol-_selsquigarrow	\selsquigarrow
MnSymbol-_semapsto	\semapsto
MnSymbol-_senwarrows	\senwarrows
MnSymbol-_sersquigarrow	\sersquigarrow
MnSymbol-_sesearrows	\sesearrows
MnSymbol-_squigarrowdownup	\squigarrowdownup
MnSymbol-_squigarrowleftright	\squigarrowleftright
MnSymbol-_downrsquigarrow	\downrsquigarrow
MnSymbol-_nwarrowtail	\nwarrowtail
MnSymbol-_squigarrownesw	\squigarrownesw
MnSymbol-_downuparrows	\downuparrows
MnSymbol-_nwlsquigarrow	\nwlsquigarrow
MnSymbol-_squigarrownwse	\squigarrownwse
MnSymbol-_lcirclearrowdown	\lcirclearrowdown
MnSymbol-_nwmapsto	\nwmapsto
MnSymbol-_squigarrowrightleft	\squigarrowrightleft
MnSymbol-_lcirclearrowleft	\lcirclearrowleft
MnSymbol-_nwnwarrows	\nwnwarrows
MnSymbol-_squigarrowsenw	\squigarrowsenw
MnSymbol-_lcirclearrowright	\lcirclearrowright
MnSymbol-_nwrsquigarrow	\nwrsquigarrow
MnSymbol-_squigarrowswne	\squigarrowswne
MnSymbol-_lcirclearrowup	\lcirclearrowup
MnSymbol-_nwsearrow	\nwsearrow
MnSymbol-_squigarrowupdown	\squigarrowupdown
MnSymbol-_lcurvearrowdown	\lcurvearrowdown
MnSymbol-_Nwsearrow	\Nwsearrow
MnSymbol-_swarrow	\swarrow
MnSymbol-_lcurvearrowleft	\lcurvearrowleft
MnSymbol-_nwsearrows	\nwsearrows
MnSymbol-_Swarrow	\Swarrow
MnSymbol-_lcurvearrowne	\lcurvearrowne
MnSymbol-_partialvardlcircleleftint	\partialvardlcircleleftint
MnSymbol-_swarrowtail	\swarrowtail
MnSymbol-_lcurvearrownw	\lcurvearrownw
MnSymbol-_partialvardlcirclerightint	\partialvardlcirclerightint
MnSymbol-_swlsquigarrow	\swlsquigarrow
MnSymbol-_lcurvearrowright	\lcurvearrowright
MnSymbol-_partialvardrcircleleftint	\partialvardrcircleleftint
MnSymbol-_swmapsto	\swmapsto
MnSymbol-_lcurvearrowse	\lcurvearrowse
MnSymbol-_partialvardrcirclerightint	\partialvardrcirclerightint
MnSymbol-_swnearrows	\swnearrows
MnSymbol-_lcurvearrowsw	\lcurvearrowsw
MnSymbol-_partialvartlcircleleftint	\partialvartlcircleleftint
MnSymbol-_swrsquigarrow	\swrsquigarrow
MnSymbol-_lcurvearrowup	\lcurvearrowup
MnSymbol-_partialvartlcirclerightint	\partialvartlcirclerightint
MnSymbol-_swswarrows	\swswarrows
MnSymbol-_Leftarrow	\Leftarrow
MnSymbol-_partialvartrcircleleftint	\partialvartrcircleleftint
MnSymbol-_twoheaddownarrow	\twoheaddownarrow
MnSymbol-_leftarrow	\leftarrow
MnSymbol-_partialvartrcirclerightint	\partialvartrcirclerightint
MnSymbol-_twoheadleftarrow	\twoheadleftarrow
MnSymbol-_leftarrowtail	\leftarrowtail
MnSymbol-_rcirclearrowdown	\rcirclearrowdown
MnSymbol-_twoheadnearrow	\twoheadnearrow
MnSymbol-_leftleftarrows	\leftleftarrows
MnSymbol-_rcirclearrowleft	\rcirclearrowleft
MnSymbol-_twoheadnwarrow	\twoheadnwarrow
MnSymbol-_leftlsquigarrow	\leftlsquigarrow
MnSymbol-_rcirclearrowright	\rcirclearrowright
MnSymbol-_twoheadrightarrow	\twoheadrightarrow
MnSymbol-_leftmapsto	\leftmapsto
MnSymbol-_rcirclearrowup	\rcirclearrowup
MnSymbol-_twoheadsearrow	\twoheadsearrow
MnSymbol-_leftrightarrow	\leftrightarrow
MnSymbol-_rcurvearrowdown	\rcurvearrowdown
MnSymbol-_twoheadswarrow	\twoheadswarrow
MnSymbol-_Leftrightarrow	\Leftrightarrow
MnSymbol-_rcurvearrowleft	\rcurvearrowleft
MnSymbol-_twoheaduparrow	\twoheaduparrow
MnSymbol-_leftrightarrows	\leftrightarrows
MnSymbol-_rcurvearrowne	\rcurvearrowne
MnSymbol-_uparrow	\uparrow
MnSymbol-_leftrsquigarrow	\leftrsquigarrow
MnSymbol-_rcurvearrownw	\rcurvearrownw
MnSymbol-_Uparrow	\Uparrow
MnSymbol-_lhookdownarrow	\lhookdownarrow
MnSymbol-_rcurvearrowright	\rcurvearrowright
MnSymbol-_uparrowtail	\uparrowtail
MnSymbol-_lhookleftarrow	\lhookleftarrow
MnSymbol-_rcurvearrowse	\rcurvearrowse
MnSymbol-_updownarrow	\updownarrow
MnSymbol-_lhooknearrow	\lhooknearrow
MnSymbol-_rcurvearrowsw	\rcurvearrowsw
MnSymbol-_Updownarrow	\Updownarrow
MnSymbol-_lhooknwarrow	\lhooknwarrow
MnSymbol-_rcurvearrowup	\rcurvearrowup
MnSymbol-_updownarrows	\updownarrows
MnSymbol-_lhookrightarrow	\lhookrightarrow
MnSymbol-_rhookdownarrow	\rhookdownarrow
MnSymbol-_uplsquigarrow	\uplsquigarrow
MnSymbol-_lhooksearrow	\lhooksearrow
MnSymbol-_rhookleftarrow	\rhookleftarrow
MnSymbol-_upmapsto	\upmapsto
MnSymbol-_lhookswarrow	\lhookswarrow
MnSymbol-_rhooknearrow	\rhooknearrow
MnSymbol-_uprsquigarrow	\uprsquigarrow
MnSymbol-_lhookuparrow	\lhookuparrow
MnSymbol-_rhooknwarrow	\rhooknwarrow
MnSymbol-_upuparrows	\upuparrows
MnSymbol-_lightning	\lightning
MnSymbol-_rhookrightarrow	\rhookrightarrow
MnSymbol-_Lleftarrow	\Lleftarrow
MnSymbol-_rhooksearrow	\rhooksearrow
MnSymbol-_ncurvearrowdownup	\ncurvearrowdownup
MnSymbol-_nlhooknwarrow	\nlhooknwarrow
MnSymbol-_nrightleftarrows	\nrightleftarrows
MnSymbol-_ncurvearrowleftright	\ncurvearrowleftright
MnSymbol-_nlhookrightarrow	\nlhookrightarrow
MnSymbol-_nrightlsquigarrow	\nrightlsquigarrow
MnSymbol-_ncurvearrownesw	\ncurvearrownesw
MnSymbol-_nlhooksearrow	\nlhooksearrow
MnSymbol-_nrightmapsto	\nrightmapsto
MnSymbol-_ncurvearrownwse	\ncurvearrownwse
MnSymbol-_nlhookswarrow	\nlhookswarrow
MnSymbol-_nrightrightarrows	\nrightrightarrows
MnSymbol-_ncurvearrowrightleft	\ncurvearrowrightleft
MnSymbol-_nlhookuparrow	\nlhookuparrow
MnSymbol-_nrightrsquigarrow	\nrightrsquigarrow
MnSymbol-_ncurvearrowsenw	\ncurvearrowsenw
MnSymbol-_nLleftarrow	\nLleftarrow
MnSymbol-_nRrightarrow	\nRrightarrow
MnSymbol-_ncurvearrowswne	\ncurvearrowswne
MnSymbol-_nnearrow	\nnearrow
MnSymbol-_nSearrow	\nSearrow
MnSymbol-_ncurvearrowupdown	\ncurvearrowupdown
MnSymbol-_nNearrow	\nNearrow
MnSymbol-_nsearrow	\nsearrow
MnSymbol-_ndasheddownarrow	\ndasheddownarrow
MnSymbol-_nnearrowtail	\nnearrowtail
MnSymbol-_nsearrowtail	\nsearrowtail
MnSymbol-_ndashedleftarrow	\ndashedleftarrow
MnSymbol-_nnelsquigarrow	\nnelsquigarrow
MnSymbol-_nselsquigarrow	\nselsquigarrow
MnSymbol-_ndashednearrow	\ndashednearrow
MnSymbol-_nnemapsto	\nnemapsto
MnSymbol-_nsemapsto	\nsemapsto
MnSymbol-_ndashednwarrow	\ndashednwarrow
MnSymbol-_nnenearrows	\nnenearrows
MnSymbol-_nsenwarrows	\nsenwarrows
MnSymbol-_ndashedrightarrow	\ndashedrightarrow
MnSymbol-_nnersquigarrow	\nnersquigarrow
MnSymbol-_nsersquigarrow	\nsersquigarrow
MnSymbol-_ndashedsearrow	\ndashedsearrow
MnSymbol-_nNeswarrow	\nNeswarrow
MnSymbol-_nsesearrows	\nsesearrows
MnSymbol-_ndashedswarrow	\ndashedswarrow
MnSymbol-_nneswarrow	\nneswarrow
MnSymbol-_nsquigarrowdownup	\nsquigarrowdownup
MnSymbol-_ndasheduparrow	\ndasheduparrow
MnSymbol-_nneswarrows	\nneswarrows
MnSymbol-_nsquigarrowleftright	\nsquigarrowleftright
MnSymbol-_ndownarrow	\ndownarrow
MnSymbol-_nNwarrow	\nNwarrow
MnSymbol-_nsquigarrownesw	\nsquigarrownesw
MnSymbol-_nDownarrow	\nDownarrow
MnSymbol-_nnwarrow	\nnwarrow
MnSymbol-_nsquigarrownwse	\nsquigarrownwse
MnSymbol-_ndownarrowtail	\ndownarrowtail
MnSymbol-_nnwarrowtail	\nnwarrowtail
MnSymbol-_nsquigarrowrightleft	\nsquigarrowrightleft
MnSymbol-_ndowndownarrows	\ndowndownarrows
MnSymbol-_nnwlsquigarrow	\nnwlsquigarrow
MnSymbol-_nsquigarrowsenw	\nsquigarrowsenw
MnSymbol-_ndownlsquigarrow	\ndownlsquigarrow
MnSymbol-_nnwmapsto	\nnwmapsto
MnSymbol-_nsquigarrowswne	\nsquigarrowswne
MnSymbol-_ndownmapsto	\ndownmapsto
MnSymbol-_nnwnwarrows	\nnwnwarrows
MnSymbol-_nsquigarrowupdown	\nsquigarrowupdown
MnSymbol-_ndownrsquigarrow	\ndownrsquigarrow
MnSymbol-_nnwrsquigarrow	\nnwrsquigarrow
MnSymbol-_nswarrow	\nswarrow
MnSymbol-_ndownuparrows	\ndownuparrows
MnSymbol-_nnwsearrow	\nnwsearrow
MnSymbol-_nSwarrow	\nSwarrow
MnSymbol-_nlcirclearrowdown	\nlcirclearrowdown
MnSymbol-_nNwsearrow	\nNwsearrow
MnSymbol-_nswarrowtail	\nswarrowtail
MnSymbol-_nlcirclearrowleft	\nlcirclearrowleft
MnSymbol-_nnwsearrows	\nnwsearrows
MnSymbol-_nswlsquigarrow	\nswlsquigarrow
MnSymbol-_nlcirclearrowright	\nlcirclearrowright
MnSymbol-_nrcirclearrowdown	\nrcirclearrowdown
MnSymbol-_nswmapsto	\nswmapsto
MnSymbol-_nlcirclearrowup	\nlcirclearrowup
MnSymbol-_nrcirclearrowleft	\nrcirclearrowleft
MnSymbol-_nswnearrows	\nswnearrows
MnSymbol-_nlcurvearrowdown	\nlcurvearrowdown
MnSymbol-_nrcirclearrowright	\nrcirclearrowright
MnSymbol-_nswrsquigarrow	\nswrsquigarrow
MnSymbol-_nlcurvearrowleft	\nlcurvearrowleft
MnSymbol-_nrcirclearrowup	\nrcirclearrowup
MnSymbol-_nswswarrows	\nswswarrows
MnSymbol-_nlcurvearrowne	\nlcurvearrowne
MnSymbol-_nrcurvearrowdown	\nrcurvearrowdown
MnSymbol-_ntwoheaddownarrow	\ntwoheaddownarrow
MnSymbol-_nlcurvearrownw	\nlcurvearrownw
MnSymbol-_nrcurvearrowleft	\nrcurvearrowleft
MnSymbol-_ntwoheadleftarrow	\ntwoheadleftarrow
MnSymbol-_nlcurvearrowright	\nlcurvearrowright
MnSymbol-_nrcurvearrowne	\nrcurvearrowne
MnSymbol-_ntwoheadnearrow	\ntwoheadnearrow
MnSymbol-_nlcurvearrowse	\nlcurvearrowse
MnSymbol-_nrcurvearrownw	\nrcurvearrownw
MnSymbol-_ntwoheadnwarrow	\ntwoheadnwarrow
MnSymbol-_nlcurvearrowsw	\nlcurvearrowsw
MnSymbol-_nrcurvearrowright	\nrcurvearrowright
MnSymbol-_ntwoheadrightarrow	\ntwoheadrightarrow
MnSymbol-_nlcurvearrowup	\nlcurvearrowup
MnSymbol-_nrcurvearrowse	\nrcurvearrowse
MnSymbol-_ntwoheadsearrow	\ntwoheadsearrow
MnSymbol-_nLeftarrow	\nLeftarrow
MnSymbol-_nrcurvearrowsw	\nrcurvearrowsw
MnSymbol-_ntwoheadswarrow	\ntwoheadswarrow
MnSymbol-_nleftarrow	\nleftarrow
MnSymbol-_nrcurvearrowup	\nrcurvearrowup
MnSymbol-_ntwoheaduparrow	\ntwoheaduparrow
MnSymbol-_nleftarrowtail	\nleftarrowtail
MnSymbol-_nrhookdownarrow	\nrhookdownarrow
MnSymbol-_nuparrow	\nuparrow
MnSymbol-_nleftleftarrows	\nleftleftarrows
MnSymbol-_nrhookleftarrow	\nrhookleftarrow
MnSymbol-_nUparrow	\nUparrow
MnSymbol-_nleftlsquigarrow	\nleftlsquigarrow
MnSymbol-_nrhooknearrow	\nrhooknearrow
MnSymbol-_nuparrowtail	\nuparrowtail
MnSymbol-_nleftmapsto	\nleftmapsto
MnSymbol-_nrhooknwarrow	\nrhooknwarrow
MnSymbol-_nupdownarrow	\nupdownarrow
MnSymbol-_nleftrightarrow	\nleftrightarrow
MnSymbol-_nrhookrightarrow	\nrhookrightarrow
MnSymbol-_nUpdownarrow	\nUpdownarrow
MnSymbol-_nLeftrightarrow	\nLeftrightarrow
MnSymbol-_nrhooksearrow	\nrhooksearrow
MnSymbol-_nupdownarrows	\nupdownarrows
MnSymbol-_nleftrightarrows	\nleftrightarrows
MnSymbol-_nrhookswarrow	\nrhookswarrow
MnSymbol-_nuplsquigarrow	\nuplsquigarrow
MnSymbol-_nleftrsquigarrow	\nleftrsquigarrow
MnSymbol-_nrhookuparrow	\nrhookuparrow
MnSymbol-_nupmapsto	\nupmapsto
MnSymbol-_nlhookdownarrow	\nlhookdownarrow
MnSymbol-_nrightarrow	\nrightarrow
MnSymbol-_nuprsquigarrow	\nuprsquigarrow
MnSymbol-_nlhookleftarrow	\nlhookleftarrow
MnSymbol-_nRightarrow	\nRightarrow
MnSymbol-_nupuparrows	\nupuparrows
MnSymbol-_nlhooknearrow	\nlhooknearrow
MnSymbol-_nrightarrowtail	\nrightarrowtail
fdsymbol-_downharpoonleft	\downharpoonleft
fdsymbol-_neswharpoons	\neswharpoons
fdsymbol-_seharpoonsw	\seharpoonsw
fdsymbol-_downharpoonright	\downharpoonright
fdsymbol-_neswharpoonsenw	\neswharpoonsenw
fdsymbol-_senwharpoons	\senwharpoons
fdsymbol-_downupharpoons	\downupharpoons
fdsymbol-_nwharpoonne	\nwharpoonne
fdsymbol-_swharpoonnw	\swharpoonnw
fdsymbol-_leftharpoondown	\leftharpoondown
fdsymbol-_nwharpoonsw	\nwharpoonsw
fdsymbol-_swharpoonse	\swharpoonse
fdsymbol-_leftharpoonup	\leftharpoonup
fdsymbol-_nwseharpoonnesw	\nwseharpoonnesw
fdsymbol-_swneharpoons	\swneharpoons
fdsymbol-_leftrightharpoondownup	\leftrightharpoondownup
fdsymbol-_nwseharpoons	\nwseharpoons
fdsymbol-_updownharpoonleftright	\updownharpoonleftright
fdsymbol-_leftrightharpoons	\leftrightharpoons
fdsymbol-_nwseharpoonswne	\nwseharpoonswne
fdsymbol-_updownharpoonrightleft	\updownharpoonrightleft
fdsymbol-_leftrightharpoonupdown	\leftrightharpoonupdown
fdsymbol-_rightharpoondown	\rightharpoondown
fdsymbol-_updownharpoons	\updownharpoons
fdsymbol-_neharpoonnw	\neharpoonnw
fdsymbol-_rightharpoonup	\rightharpoonup
fdsymbol-_upharpoonleft	\upharpoonleft
fdsymbol-_neharpoonse	\neharpoonse
fdsymbol-_rightleftharpoons	\rightleftharpoons
fdsymbol-_upharpoonright	\upharpoonright
fdsymbol-_neswharpoonnwse	\neswharpoonnwse
fdsymbol-_seharpoonne	\seharpoonne
fdsymbol-_ndownharpoonleft	\ndownharpoonleft
fdsymbol-_nneswharpoons	\nneswharpoons
fdsymbol-_nseharpoonsw	\nseharpoonsw
fdsymbol-_ndownharpoonright	\ndownharpoonright
fdsymbol-_nneswharpoonsenw	\nneswharpoonsenw
fdsymbol-_nsenwharpoons	\nsenwharpoons
fdsymbol-_ndownupharpoons	\ndownupharpoons
fdsymbol-_nnwharpoonne	\nnwharpoonne
fdsymbol-_nswharpoonnw	\nswharpoonnw
fdsymbol-_nleftharpoondown	\nleftharpoondown
fdsymbol-_nnwharpoonsw	\nnwharpoonsw
fdsymbol-_nswharpoonse	\nswharpoonse
fdsymbol-_nleftharpoonup	\nleftharpoonup
fdsymbol-_nnwseharpoonnesw	\nnwseharpoonnesw
fdsymbol-_nswneharpoons	\nswneharpoons
fdsymbol-_nleftrightharpoondownup	\nleftrightharpoondownup
fdsymbol-_nnwseharpoons	\nnwseharpoons
fdsymbol-_nupdownharpoonleftright	\nupdownharpoonleftright
fdsymbol-_nleftrightharpoons	\nleftrightharpoons
fdsymbol-_nnwseharpoonswne	\nnwseharpoonswne
fdsymbol-_nupdownharpoonrightleft	\nupdownharpoonrightleft
fdsymbol-_nleftrightharpoonupdown	\nleftrightharpoonupdown
fdsymbol-_nrightharpoondown	\nrightharpoondown
fdsymbol-_nupdownharpoons	\nupdownharpoons
fdsymbol-_nneharpoonnw	\nneharpoonnw
fdsymbol-_nrightharpoonup	\nrightharpoonup
fdsymbol-_nupharpoonleft	\nupharpoonleft
fdsymbol-_nneharpoonse	\nneharpoonse
fdsymbol-_nrightleftharpoons	\nrightleftharpoons
fdsymbol-_nupharpoonright	\nupharpoonright
fdsymbol-_nneswharpoonnwse	\nneswharpoonnwse
fdsymbol-_nseharpoonne	\nseharpoonne
stix-_langledot	\langledot
stix-_rangledot	\rangledot
stix-_llangle	\llangle
stix-_rrangle	\rrangle
stix-_lbag	\lbag
stix-_rbag	\rbag
stix-_llcorner	\llcorner
stix-_lrcorner	\lrcorner
stix-_lblkbrbrak	\lblkbrbrak
stix-_rblkbrbrak	\rblkbrbrak
stix-_llparenthesis	\llparenthesis
stix-_rrparenthesis	\rrparenthesis
stix-_lbracklltick	\lbracklltick
stix-_rbrackurtick	\rbrackurtick
stix-_Lparengtr	\Lparengtr
stix-_Rparenless	\Rparenless
stix-_lbrackubar	\lbrackubar
stix-_rbrackubar	\rbrackubar
stix-_lparenless	\lparenless
stix-_rparengtr	\rparengtr
stix-_lbrackultick	\lbrackultick
stix-_rbracklrtick	\rbracklrtick
stix-_lvzigzag	\lvzigzag
stix-_rvzigzag	\rvzigzag
stix-_Lbrbrak	\Lbrbrak
stix-_Rbrbrak	\Rbrbrak
stix-_Lvzigzag	\Lvzigzag
stix-_Rvzigzag	\Rvzigzag
stix-_lcurvyangle	\lcurvyangle
stix-_rcurvyangle	\rcurvyangle
stix-_ulcorner	\ulcorner
stix-_urcorner	\urcorner
stix-_acidfree	\acidfree
stix-_infty	\infty
stix-_tieinfty	\tieinfty
stix-_iinfin	\iinfin
stix-_nvinfty	\nvinfty
fdsymbol-_angle	\angle
fdsymbol-_revangle	\revangle
fdsymbol-_sphericalangle	\sphericalangle
fdsymbol-_measuredangle	\measuredangle
fdsymbol-_revmeasuredangle	\revmeasuredangle
fdsymbol-_sphericalangledown	\sphericalangledown
fdsymbol-_measuredrightangle	\measuredrightangle
fdsymbol-_rightangle	\rightangle
fdsymbol-_sphericalangleleft	\sphericalangleleft
fdsymbol-_measuredrightangledot	\measuredrightangledot
fdsymbol-_rightanglesquare	\rightanglesquare
fdsymbol-_sphericalangleup	\sphericalangleup
stix-_angdnr	\angdnr
stix-_measanglerutone	\measanglerutone
stix-_rightanglemdot	\rightanglemdot
stix-_angle	\angle
stix-_measangleultonw	\measangleultonw
stix-_rightanglesqr	\rightanglesqr
stix-_angles	\angles
stix-_measangleurtone	\measangleurtone
stix-_sphericalangle	\sphericalangle
stix-_angleubar	\angleubar
stix-_measuredangle	\measuredangle
stix-_sphericalangleup	\sphericalangleup
stix-_gtlpar	\gtlpar
stix-_measuredangleleft	\measuredangleleft
stix-_threedangle	\threedangle
stix-_measangledltosw	\measangledltosw
stix-_measuredrightangle	\measuredrightangle
stix-_turnangle	\turnangle
stix-_measangledrtose	\measangledrtose
stix-_rangledownzigzagarrow	\rangledownzigzagarrow
stix-_wideangledown	\wideangledown
stix-_measangleldtosw	\measangleldtosw
stix-_revangle	\revangle
stix-_wideangleup	\wideangleup
stix-_measanglelutonw	\measanglelutonw
stix-_revangleubar	\revangleubar
stix-_measanglerdtose	\measanglerdtose
stix-_rightangle	\rightangle
